Unnamed: 0_level_0,Unnamed: 1_level_0,Unnamed: 2_level_0,Playing Time,Playing Time,Playing Time,Playing Time,Performance,Performance,Performance,Performance,Performance,Performance,Performance,Performance,Per 90 Minutes,Per 90 Minutes,Per 90 Minutes,Per 90 Minutes,Per 90 Minutes,Unnamed: 20_level_0,Team,Unnamed: 3_level_0
Player,Pos,Age,MP,Starts,Min,90s,Gls,Ast,G+A,G-PK,PK,PKatt,CrdY,CrdR,Gls,Ast,G+A,G-PK,G+A-PK,Matches,,MP
Jasir Asani,"MF,FW",28.0,8.0,8,562.0,6.2,3.0,2.0,5.0,3.0,0.0,0.0,1.0,0.0,0.48,0.32,0.8,0.48,0.8,Matches,al Albania,
Berat Djimsiti,DF,30.0,7.0,7,630.0,7.0,0.0,0.0,0.0,0.0,0.0,0.0,0.0,0.0,0.0,0.0,0.0,0.0,0.0,Matches,al Albania,
Elseid Hysaj,DF,29.0,7.0,7,630.0,7.0,0.0,1.0,1.0,0.0,0.0,0.0,1.0,0.0,0.0,0.14,0.14,0.0,0.14,Matches,al Albania,
Mario Mitaj,DF,20.0,7.0,7,630.0,7.0,0.0,0.0,0.0,0.0,0.0,0.0,2.0,0.0,0.0,0.0,0.0,0.0,0.0,Matches,al Albania,
Ylber Ramadani,MF,27.0,7.0,7,630.0,7.0,0.0,2.0,2.0,0.0,0.0,0.0,0.0,0.0,0.0,0.29,0.29,0.0,0.29,Matches,al Albania,
Kristjan Asllani,MF,21.0,8.0,7,593.0,6.6,1.0,1.0,2.0,1.0,0.0,0.0,1.0,0.0,0.15,0.15,0.3,0.15,0.3,Matches,al Albania,
Nedim Bajrami,MF,24.0,8.0,7,574.0,6.4,3.0,1.0,4.0,3.0,0.0,0.0,2.0,0.0,0.47,0.16,0.63,0.47,0.63,Matches,al Albania,
Sokol Cikalleshi,FW,33.0,8.0,7,494.0,5.5,1.0,1.0,2.0,0.0,1.0,2.0,2.0,0.0,0.18,0.18,0.36,0.0,0.18,Matches,al Albania,
Ardian Ismajli,DF,27.0,6.0,6,540.0,6.0,0.0,0.0,0.0,0.0,0.0,0.0,1.0,0.0,0.0,0.0,0.0,0.0,0.0,Matches,al Albania,
Etrit Berisha,GK,34.0,5.0,5,450.0,5.0,0.0,0.0,0.0,0.0,0.0,0.0,0.0,0.0,0.0,0.0,0.0,0.0,0.0,Matches,al Albania,
Taulant Seferi,"MF,FW",27.0,7.0,4,393.0,4.4,2.0,0.0,2.0,2.0,0.0,0.0,1.0,0.0,0.46,0.0,0.46,0.46,0.46,Matches,al Albania,
Myrto Uzuni,"MF,FW",28.0,6.0,4,329.0,3.7,0.0,1.0,1.0,0.0,0.0,0.0,0.0,0.0,0.0,0.27,0.27,0.0,0.27,Matches,al Albania,
Thomas Strakosha,GK,28.0,3.0,3,270.0,3.0,0.0,0.0,0.0,0.0,0.0,0.0,1.0,0.0,0.0,0.0,0.0,0.0,0.0,Matches,al Albania,
Iván Balliu,DF,32.0,2.0,2,180.0,2.0,0.0,0.0,0.0,0.0,0.0,0.0,0.0,0.0,0.0,0.0,0.0,0.0,0.0,Matches,al Albania,
Keidi Bare,MF,26.0,5.0,2,172.0,1.9,0.0,0.0,0.0,0.0,0.0,0.0,0.0,0.0,0.0,0.0,0.0,0.0,0.0,Matches,al Albania,
Mirlind Daku,FW,26.0,5.0,1,187.0,2.1,1.0,1.0,2.0,1.0,0.0,0.0,2.0,0.0,0.48,0.48,0.96,0.48,0.96,Matches,al Albania,
Klaus Gjasula,MF,34.0,5.0,1,120.0,1.3,0.0,0.0,0.0,0.0,0.0,0.0,0.0,0.0,0.0,0.0,0.0,0.0,0.0,Matches,al Albania,
Arlind Ajeti,DF,30.0,1.0,1,90.0,1.0,0.0,0.0,0.0,0.0,0.0,0.0,0.0,0.0,0.0,0.0,0.0,0.0,0.0,Matches,al Albania,
Marash Kumbulla,DF,23.0,1.0,1,90.0,1.0,0.0,0.0,0.0,0.0,0.0,0.0,0.0,0.0,0.0,0.0,0.0,0.0,0.0,Matches,al Albania,
Enea Mihaj,DF,25.0,1.0,1,90.0,1.0,0.0,0.0,0.0,0.0,0.0,0.0,0.0,0.0,0.0,0.0,0.0,0.0,0.0,Matches,al Albania,
Arbnor Muja,"FW,MF",25.0,4.0,0,80.0,0.9,0.0,0.0,0.0,0.0,0.0,0.0,1.0,0.0,0.0,0.0,0.0,0.0,0.0,Matches,al Albania,
Anis Mehmeti,MF,23.0,3.0,0,61.0,0.7,0.0,0.0,0.0,0.0,0.0,0.0,0.0,0.0,0.0,0.0,0.0,0.0,0.0,Matches,al Albania,
Ernest Muçi,"FW,MF",22.0,4.0,0,60.0,0.7,1.0,0.0,1.0,1.0,0.0,0.0,0.0,0.0,1.5,0.0,1.5,1.5,1.5,Matches,al Albania,
Qazim Laçi,MF,28.0,2.0,0,33.0,0.4,0.0,0.0,0.0,0.0,0.0,0.0,1.0,0.0,0.0,0.0,0.0,0.0,0.0,Matches,al Albania,
Arbnor Mucolli,"FW,MF",24.0,1.0,0,30.0,0.3,0.0,0.0,0.0,0.0,0.0,0.0,0.0,0.0,0.0,0.0,0.0,0.0,0.0,Matches,al Albania,
Armando Sadiku,FW,32.0,1.0,0,2.0,0.0,0.0,0.0,0.0,0.0,0.0,0.0,0.0,0.0,0.0,0.0,0.0,0.0,0.0,Matches,al Albania,
Freddie Veseli,DF,31.0,0.0,0,,0.0,0.0,0.0,0.0,0.0,0.0,0.0,1.0,0.0,,,,,,Matches,al Albania,
Amir Abrashi,MF,33.0,0.0,0,,,,,,,,,,,,,,,,Matches,al Albania,
Naser Aliji,"DF,MF",30.0,0.0,0,,,,,,,,,,,,,,,,Matches,al Albania,
Andi Hadroj,DF,24.0,0.0,0,,,,,,,,,,,,,,,,Matches,al Albania,
Elhan Kastrati,GK,26.0,0.0,0,,,,,,,,,,,,,,,,Matches,al Albania,
Ermir Lenjani,"DF,FW",34.0,0.0,0,,,,,,,,,,,,,,,,Matches,al Albania,
Jon Mersinaj,DF,24.0,0.0,0,,,,,,,,,,,,,,,,Matches,al Albania,
Odise Roshi,MF,32.0,0.0,0,,,,,,,,,,,,,,,,Matches,al Albania,
Lindon Selahi,MF,24.0,0.0,0,,,,,,,,,,,,,,,,Matches,al Albania,
Squad Total,,27.8,8.0,88,720.0,8.0,12.0,10.0,22.0,11.0,1.0,2.0,17.0,0.0,1.5,1.25,2.75,1.37,2.62,,al Albania,
Opponent Total,,28.3,8.0,88,720.0,8.0,4.0,3.0,7.0,4.0,0.0,0.0,22.0,1.0,0.5,0.37,0.87,0.5,0.87,,al Albania,
Nicolas Seiwald,"MF,DF",22.0,8.0,8,720.0,8.0,0.0,0.0,0.0,0.0,0.0,0.0,1.0,0.0,0.0,0.0,0.0,0.0,0.0,Matches,at Austria,
Philipp Lienhart,DF,27.0,6.0,6,540.0,6.0,1.0,0.0,1.0,1.0,0.0,0.0,0.0,0.0,0.17,0.0,0.17,0.17,0.17,Matches,at Austria,
Alexander Schlager,GK,27.0,6.0,6,540.0,6.0,0.0,0.0,0.0,0.0,0.0,0.0,1.0,0.0,0.0,0.0,0.0,0.0,0.0,Matches,at Austria,
Christoph Baumgartner,"MF,FW",24.0,7.0,6,530.0,5.9,3.0,2.0,5.0,3.0,0.0,0.0,1.0,0.0,0.51,0.34,0.85,0.51,0.85,Matches,at Austria,
Xaver Schlager,MF,26.0,6.0,6,497.0,5.5,0.0,1.0,1.0,0.0,0.0,0.0,1.0,0.0,0.0,0.18,0.18,0.0,0.18,Matches,at Austria,
Konrad Laimer,"MF,FW",26.0,6.0,6,491.0,5.5,2.0,0.0,2.0,2.0,0.0,0.0,1.0,0.0,0.37,0.0,0.37,0.37,0.37,Matches,at Austria,
Michael Gregoritsch,FW,29.0,6.0,6,478.0,5.3,3.0,0.0,3.0,3.0,0.0,1.0,0.0,0.0,0.56,0.0,0.56,0.56,0.56,Matches,at Austria,
Stefan Posch,DF,26.0,6.0,5,453.0,5.0,0.0,2.0,2.0,0.0,0.0,0.0,2.0,0.0,0.0,0.4,0.4,0.0,0.4,Matches,at Austria,
Maximilian Wöber,DF,25.0,7.0,5,392.0,4.4,0.0,0.0,0.0,0.0,0.0,0.0,2.0,0.0,0.0,0.0,0.0,0.0,0.0,Matches,at Austria,
Patrick Wimmer,MF,22.0,7.0,5,386.0,4.3,0.0,0.0,0.0,0.0,0.0,0.0,1.0,0.0,0.0,0.0,0.0,0.0,0.0,Matches,at Austria,
David Alaba,DF,31.0,5.0,4,405.0,4.5,0.0,1.0,1.0,0.0,0.0,0.0,0.0,0.0,0.0,0.22,0.22,0.0,0.22,Matches,at Austria,
Phillipp Mwene,DF,30.0,5.0,4,386.0,4.3,0.0,0.0,0.0,0.0,0.0,0.0,1.0,0.0,0.0,0.0,0.0,0.0,0.0,Matches,at Austria,
Marcel Sabitzer,"MF,FW",29.0,7.0,3,371.0,4.1,4.0,2.0,6.0,2.0,2.0,2.0,1.0,0.0,0.97,0.49,1.46,0.49,0.97,Matches,at Austria,
Kevin Danso,DF,25.0,3.0,3,245.0,2.7,0.0,0.0,0.0,0.0,0.0,0.0,0.0,0.0,0.0,0.0,0.0,0.0,0.0,Matches,at Austria,
Marko Arnautović,FW,34.0,4.0,2,220.0,2.4,2.0,0.0,2.0,1.0,1.0,1.0,0.0,0.0,0.82,0.0,0.82,0.41,0.41,Matches,at Austria,
Florian Grillitsch,MF,28.0,4.0,2,204.0,2.3,0.0,2.0,2.0,0.0,0.0,0.0,1.0,0.0,0.0,0.88,0.88,0.0,0.88,Matches,at Austria,
Heinz Lindner,GK,33.0,2.0,2,180.0,2.0,0.0,0.0,0.0,0.0,0.0,0.0,0.0,0.0,0.0,0.0,0.0,0.0,0.0,Matches,at Austria,
Sasa Kalajdzic,FW,26.0,3.0,1,134.0,1.5,0.0,0.0,0.0,0.0,0.0,0.0,0.0,0.0,0.0,0.0,0.0,0.0,0.0,Matches,at Austria,
Florian Kainz,MF,31.0,5.0,1,131.0,1.5,1.0,0.0,1.0,1.0,0.0,0.0,0.0,0.0,0.69,0.0,0.69,0.69,0.69,Matches,at Austria,
Junior Adamu,FW,22.0,3.0,1,113.0,1.3,0.0,0.0,0.0,0.0,0.0,0.0,0.0,0.0,0.0,0.0,0.0,0.0,0.0,Matches,at Austria,
Romano Schmid,MF,24.0,3.0,1,74.0,0.8,0.0,0.0,0.0,0.0,0.0,0.0,0.0,0.0,0.0,0.0,0.0,0.0,0.0,Matches,at Austria,
Gernot Trauner,DF,31.0,1.0,1,73.0,0.8,0.0,0.0,0.0,0.0,0.0,0.0,0.0,0.0,0.0,0.0,0.0,0.0,0.0,Matches,at Austria,
Dejan Ljubicic,MF,26.0,4.0,1,67.0,0.7,0.0,0.0,0.0,0.0,0.0,0.0,0.0,0.0,0.0,0.0,0.0,0.0,0.0,Matches,at Austria,
Alexander Prass,DF,22.0,2.0,1,65.0,0.7,0.0,0.0,0.0,0.0,0.0,0.0,0.0,0.0,0.0,0.0,0.0,0.0,0.0,Matches,at Austria,
Manprit Sarkaria,FW,27.0,1.0,1,65.0,0.7,0.0,0.0,0.0,0.0,0.0,0.0,0.0,0.0,0.0,0.0,0.0,0.0,0.0,Matches,at Austria,
Flavius Daniliuc,DF,22.0,1.0,1,45.0,0.5,0.0,0.0,0.0,0.0,0.0,0.0,0.0,0.0,0.0,0.0,0.0,0.0,0.0,Matches,at Austria,
Samson Baidoo,DF,19.0,1.0,0,25.0,0.3,0.0,0.0,0.0,0.0,0.0,0.0,0.0,0.0,0.0,0.0,0.0,0.0,0.0,Matches,at Austria,
Muhammed Cham,MF,23.0,1.0,0,25.0,0.3,0.0,0.0,0.0,0.0,0.0,0.0,0.0,0.0,0.0,0.0,0.0,0.0,0.0,Matches,at Austria,
Karim Onisiwo,"FW,MF",31.0,3.0,0,20.0,0.2,0.0,0.0,0.0,0.0,0.0,0.0,0.0,0.0,0.0,0.0,0.0,0.0,0.0,Matches,at Austria,
Matthias Seidl,MF,23.0,2.0,0,19.0,0.2,0.0,0.0,0.0,0.0,0.0,0.0,0.0,0.0,0.0,0.0,0.0,0.0,0.0,Matches,at Austria,
Andreas Ulmer,DF,38.0,1.0,0,17.0,0.2,0.0,0.0,0.0,0.0,0.0,0.0,0.0,0.0,0.0,0.0,0.0,0.0,0.0,Matches,at Austria,
Guido Burgstaller,"FW,MF",34.0,1.0,0,8.0,0.1,0.0,0.0,0.0,0.0,0.0,0.0,2.0,1.0,0.0,0.0,0.0,0.0,0.0,Matches,at Austria,
Jonas Auer,DF,23.0,0.0,0,,,,,,,,,,,,,,,,Matches,at Austria,
Daniel Bachmann,GK,29.0,0.0,0,,,,,,,,,,,,,,,,Matches,at Austria,
Maximilian Entrup,FW,26.0,0.0,0,,,,,,,,,,,,,,,,Matches,at Austria,
Marco Grüll,"FW,MF",25.0,0.0,0,,,,,,,,,,,,,,,,Matches,at Austria,
Niklas Hedl,GK,22.0,0.0,0,,,,,,,,,,,,,,,,Matches,at Austria,
Tobias Lawal,GK,23.0,0.0,0,,,,,,,,,,,,,,,,Matches,at Austria,
Patrick Pentz,GK,27.0,0.0,0,,,,,,,,,,,,,,,,Matches,at Austria,
David Schnegg,DF,25.0,0.0,0,,,,,,,,,,,,,,,,Matches,at Austria,
Andreas Weimann,"FW,MF",32.0,0.0,0,,,,,,,,,,,,,,,,Matches,at Austria,
Squad Total,,27.2,8.0,88,720.0,8.0,16.0,10.0,26.0,13.0,3.0,4.0,15.0,1.0,2.0,1.25,3.25,1.62,2.87,,at Austria,
Opponent Total,,27.7,8.0,88,720.0,8.0,7.0,7.0,14.0,7.0,0.0,0.0,20.0,1.0,0.87,0.87,1.75,0.87,1.75,,at Austria,
Wout Faes,DF,25.0,,8,720.0,8.0,0.0,1.0,1.0,0.0,0.0,0.0,0.0,0.0,0.0,0.12,0.12,0.0,0.12,Matches,be Belgium,8.0
Timothy Castagne,"DF,MF",28.0,,8,695.0,7.7,0.0,2.0,2.0,0.0,0.0,0.0,2.0,0.0,0.0,0.26,0.26,0.0,0.26,Matches,be Belgium,8.0
Arthur Theate,DF,23.0,,8,681.0,7.6,0.0,2.0,2.0,0.0,0.0,0.0,1.0,0.0,0.0,0.26,0.26,0.0,0.26,Matches,be Belgium,8.0
Romelu Lukaku,FW,30.0,,8,592.0,6.6,14.0,1.0,15.0,13.0,1.0,1.0,2.0,0.0,2.13,0.15,2.28,1.98,2.13,Matches,be Belgium,8.0
Jan Vertonghen,DF,36.0,,7,583.0,6.5,1.0,0.0,1.0,1.0,0.0,0.0,0.0,0.0,0.15,0.0,0.15,0.15,0.15,Matches,be Belgium,7.0
Yannick Carrasco,"MF,FW",30.0,,6,562.0,6.2,1.0,3.0,4.0,1.0,0.0,0.0,0.0,0.0,0.16,0.48,0.64,0.16,0.64,Matches,be Belgium,8.0
Orel Mangala,MF,25.0,,5,497.0,5.5,0.0,2.0,2.0,0.0,0.0,0.0,1.0,0.0,0.0,0.36,0.36,0.0,0.36,Matches,be Belgium,8.0
Jeremy Doku,"FW,MF",21.0,,4,409.0,4.5,0.0,4.0,4.0,0.0,0.0,0.0,1.0,0.0,0.0,0.88,0.88,0.0,0.88,Matches,be Belgium,6.0
Youri Tielemans,MF,26.0,,4,407.0,4.5,0.0,0.0,0.0,0.0,0.0,0.0,0.0,0.0,0.0,0.0,0.0,0.0,0.0,Matches,be Belgium,6.0
Johan Bakayoko,"FW,MF",20.0,,4,372.0,4.1,1.0,2.0,3.0,1.0,0.0,0.0,0.0,0.0,0.24,0.48,0.73,0.24,0.73,Matches,be Belgium,7.0
Amadou Onana,MF,22.0,,4,347.0,3.9,0.0,0.0,0.0,0.0,0.0,0.0,2.0,1.0,0.0,0.0,0.0,0.0,0.0,Matches,be Belgium,4.0
Leandro Trossard,"MF,FW",29.0,,4,293.0,3.3,2.0,0.0,2.0,2.0,0.0,0.0,0.0,0.0,0.61,0.0,0.61,0.61,0.61,Matches,be Belgium,4.0
Koen Casteels,GK,31.0,,3,270.0,3.0,0.0,0.0,0.0,0.0,0.0,0.0,0.0,0.0,0.0,0.0,0.0,0.0,0.0,Matches,be Belgium,3.0
Matz Sels,GK,31.0,,3,270.0,3.0,0.0,0.0,0.0,0.0,0.0,0.0,0.0,0.0,0.0,0.0,0.0,0.0,0.0,Matches,be Belgium,3.0
Dodi Lukebakio,"MF,FW",26.0,,3,241.0,2.7,2.0,3.0,5.0,2.0,0.0,0.0,0.0,0.0,0.75,1.12,1.87,0.75,1.87,Matches,be Belgium,5.0
Thibaut Courtois,GK,31.0,,2,180.0,2.0,0.0,0.0,0.0,0.0,0.0,0.0,0.0,0.0,0.0,0.0,0.0,0.0,0.0,Matches,be Belgium,2.0
Aster Vranckx,MF,21.0,,2,116.0,1.3,0.0,1.0,1.0,0.0,0.0,0.0,2.0,0.0,0.0,0.78,0.78,0.0,0.78,Matches,be Belgium,3.0
Loïs Openda,MF,23.0,,1,143.0,1.6,0.0,0.0,0.0,0.0,0.0,0.0,0.0,0.0,0.0,0.0,0.0,0.0,0.0,Matches,be Belgium,6.0
Charles De Ketelaere,FW,22.0,,1,115.0,1.3,1.0,0.0,1.0,1.0,0.0,0.0,1.0,0.0,0.78,0.0,0.78,0.78,0.78,Matches,be Belgium,2.0
Kevin De Bruyne,MF,32.0,,1,90.0,1.0,0.0,0.0,0.0,0.0,0.0,0.0,0.0,0.0,0.0,0.0,0.0,0.0,0.0,Matches,be Belgium,1.0
Leander Dendoncker,DF,28.0,,1,83.0,0.9,0.0,0.0,0.0,0.0,0.0,0.0,0.0,0.0,0.0,0.0,0.0,0.0,0.0,Matches,be Belgium,1.0
Mike Trésor,FW,24.0,,1,63.0,0.7,0.0,0.0,0.0,0.0,0.0,0.0,0.0,0.0,0.0,0.0,0.0,0.0,0.0,Matches,be Belgium,2.0
Michy Batshuayi,FW,30.0,,0,47.0,0.5,0.0,0.0,0.0,0.0,0.0,0.0,1.0,0.0,0.0,0.0,0.0,0.0,0.0,Matches,be Belgium,2.0
Ameen Al-Dakhil,DF,21.0,,0,47.0,0.5,0.0,0.0,0.0,0.0,0.0,0.0,0.0,0.0,0.0,0.0,0.0,0.0,0.0,Matches,be Belgium,3.0
Alexis Saelemaekers,"DF,FW",24.0,,0,36.0,0.4,0.0,0.0,0.0,0.0,0.0,0.0,0.0,0.0,0.0,0.0,0.0,0.0,0.0,Matches,be Belgium,2.0
Hugo Siquet,"DF,MF",21.0,,0,25.0,0.3,0.0,0.0,0.0,0.0,0.0,0.0,0.0,0.0,0.0,0.0,0.0,0.0,0.0,Matches,be Belgium,1.0
Zeno Debast,DF,20.0,,0,7.0,0.1,0.0,0.0,0.0,0.0,0.0,0.0,0.0,0.0,0.0,0.0,0.0,0.0,0.0,Matches,be Belgium,1.0
Sebastiaan Bornauw,DF,24.0,,0,6.0,0.1,0.0,0.0,0.0,0.0,0.0,0.0,0.0,0.0,0.0,0.0,0.0,0.0,0.0,Matches,be Belgium,1.0
Arthur Vermeeren,MF,18.0,,0,4.0,0.0,0.0,0.0,0.0,0.0,0.0,0.0,0.0,0.0,0.0,0.0,0.0,0.0,0.0,Matches,be Belgium,1.0
Olivier Deman,"DF,FW",23.0,,0,3.0,0.0,0.0,0.0,0.0,0.0,0.0,0.0,0.0,0.0,0.0,0.0,0.0,0.0,0.0,Matches,be Belgium,1.0
Mandela Keita,MF,21.0,,0,3.0,0.0,0.0,0.0,0.0,0.0,0.0,0.0,0.0,0.0,0.0,0.0,0.0,0.0,0.0,Matches,be Belgium,1.0
Arnaud Bodart,GK,25.0,,0,,,,,,,,,,,,,,,,Matches,be Belgium,0.0
Thomas Kaminski,GK,31.0,,0,,,,,,,,,,,,,,,,Matches,be Belgium,0.0
Roméo Lavia,MF,20.0,,0,,,,,,,,,,,,,,,,Matches,be Belgium,0.0
Thomas Meunier,"DF,MF",32.0,,0,,,,,,,,,,,,,,,,Matches,be Belgium,0.0
Dennis Praet,MF,29.0,,0,,,,,,,,,,,,,,,,Matches,be Belgium,0.0
Hans Vanaken,"FW,MF",31.0,,0,,,,,,,,,,,,,,,,Matches,be Belgium,0.0
Zinho Vanheusden,DF,24.0,,0,,,,,,,,,,,,,,,,Matches,be Belgium,0.0
Squad Total,,27.4,,88,720.0,8.0,22.0,21.0,43.0,21.0,1.0,1.0,13.0,1.0,2.75,2.62,5.37,2.62,5.25,,be Belgium,8.0
Opponent Total,,27.6,,88,720.0,8.0,3.0,0.0,3.0,2.0,1.0,1.0,21.0,1.0,0.37,0.0,0.37,0.25,0.25,,be Belgium,8.0
Manuel Akanji,DF,28.0,10.0,10,891.0,9.9,1.0,0.0,1.0,1.0,0.0,0.0,3.0,0.0,0.1,0.0,0.1,0.1,0.1,Matches,ch Switzerland,
Granit Xhaka,MF,31.0,10.0,10,875.0,9.7,2.0,2.0,4.0,2.0,0.0,0.0,3.0,0.0,0.21,0.21,0.41,0.21,0.41,Matches,ch Switzerland,
Ricardo Rodríguez,DF,31.0,9.0,9,786.0,8.7,0.0,1.0,1.0,0.0,0.0,0.0,0.0,0.0,0.0,0.11,0.11,0.0,0.11,Matches,ch Switzerland,
Remo Freuler,MF,31.0,10.0,9,760.0,8.4,2.0,2.0,4.0,2.0,0.0,0.0,1.0,0.0,0.24,0.24,0.47,0.24,0.47,Matches,ch Switzerland,
Ruben Vargas,"FW,MF",25.0,9.0,9,653.0,7.3,3.0,2.0,5.0,3.0,0.0,0.0,0.0,0.0,0.41,0.28,0.69,0.41,0.69,Matches,ch Switzerland,
Nico Elvedi,DF,27.0,7.0,7,630.0,7.0,0.0,0.0,0.0,0.0,0.0,0.0,0.0,0.0,0.0,0.0,0.0,0.0,0.0,Matches,ch Switzerland,
Yann Sommer,GK,35.0,7.0,7,630.0,7.0,0.0,0.0,0.0,0.0,0.0,0.0,1.0,0.0,0.0,0.0,0.0,0.0,0.0,Matches,ch Switzerland,
Denis Zakaria,MF,27.0,7.0,7,580.0,6.4,0.0,1.0,1.0,0.0,0.0,0.0,2.0,0.0,0.0,0.16,0.16,0.0,0.16,Matches,ch Switzerland,
Xherdan Shaqiri,"FW,MF",32.0,7.0,7,557.0,6.2,2.0,3.0,5.0,1.0,1.0,1.0,0.0,0.0,0.32,0.48,0.81,0.16,0.65,Matches,ch Switzerland,
Zeki Amdouni,"FW,MF",23.0,10.0,6,488.0,5.4,6.0,0.0,6.0,6.0,0.0,0.0,0.0,0.0,1.11,0.0,1.11,1.11,1.11,Matches,ch Switzerland,
Edimilson Fernandes,DF,27.0,5.0,4,364.0,4.0,0.0,2.0,2.0,0.0,0.0,0.0,1.0,1.0,0.0,0.49,0.49,0.0,0.49,Matches,ch Switzerland,
Cedric Itten,FW,27.0,5.0,4,294.0,3.3,1.0,0.0,1.0,1.0,0.0,0.0,1.0,0.0,0.31,0.0,0.31,0.31,0.31,Matches,ch Switzerland,
Renato Steffen,MF,32.0,9.0,3,336.0,3.7,3.0,0.0,3.0,3.0,0.0,0.0,2.0,0.0,0.8,0.0,0.8,0.8,0.8,Matches,ch Switzerland,
Noah Okafor,FW,23.0,7.0,3,274.0,3.0,0.0,1.0,1.0,0.0,0.0,0.0,0.0,0.0,0.0,0.33,0.33,0.0,0.33,Matches,ch Switzerland,
Fabian Schär,DF,32.0,3.0,2,181.0,2.0,0.0,0.0,0.0,0.0,0.0,0.0,0.0,0.0,0.0,0.0,0.0,0.0,0.0,Matches,ch Switzerland,
Yvon Mvogo,GK,29.0,2.0,2,180.0,2.0,0.0,0.0,0.0,0.0,0.0,0.0,0.0,0.0,0.0,0.0,0.0,0.0,0.0,Matches,ch Switzerland,
Silvan Widmer,DF,30.0,2.0,2,180.0,2.0,1.0,0.0,1.0,1.0,0.0,0.0,1.0,0.0,0.5,0.0,0.5,0.5,0.5,Matches,ch Switzerland,
Ulisses Garcia,DF,28.0,3.0,2,169.0,1.9,0.0,0.0,0.0,0.0,0.0,0.0,0.0,0.0,0.0,0.0,0.0,0.0,0.0,Matches,ch Switzerland,
Dan Ndoye,MF,23.0,6.0,1,199.0,2.2,0.0,1.0,1.0,0.0,0.0,0.0,0.0,0.0,0.0,0.45,0.45,0.0,0.45,Matches,ch Switzerland,
Djibril Sow,MF,26.0,5.0,1,126.0,1.4,0.0,0.0,0.0,0.0,0.0,0.0,0.0,0.0,0.0,0.0,0.0,0.0,0.0,Matches,ch Switzerland,
Michel Aebischer,MF,27.0,3.0,1,109.0,1.2,0.0,0.0,0.0,0.0,0.0,0.0,0.0,0.0,0.0,0.0,0.0,0.0,0.0,Matches,ch Switzerland,
Cedric Zesiger,DF,25.0,2.0,1,99.0,1.1,0.0,0.0,0.0,0.0,0.0,0.0,1.0,0.0,0.0,0.0,0.0,0.0,0.0,Matches,ch Switzerland,
Gregor Kobel,GK,26.0,1.0,1,90.0,1.0,0.0,0.0,0.0,0.0,0.0,0.0,0.0,0.0,0.0,0.0,0.0,0.0,0.0,Matches,ch Switzerland,
Jordan Lotomba,DF,25.0,1.0,1,90.0,1.0,0.0,0.0,0.0,0.0,0.0,0.0,0.0,0.0,0.0,0.0,0.0,0.0,0.0,Matches,ch Switzerland,
Eray Cömert,DF,25.0,2.0,1,84.0,0.9,0.0,0.0,0.0,0.0,0.0,0.0,0.0,0.0,0.0,0.0,0.0,0.0,0.0,Matches,ch Switzerland,
Andi Zeqiri,FW,24.0,4.0,0,90.0,1.0,0.0,0.0,0.0,0.0,0.0,0.0,2.0,0.0,0.0,0.0,0.0,0.0,0.0,Matches,ch Switzerland,
Christian Fassnacht,"FW,MF",30.0,2.0,0,42.0,0.5,0.0,0.0,0.0,0.0,0.0,0.0,0.0,0.0,0.0,0.0,0.0,0.0,0.0,Matches,ch Switzerland,
Fabian Rieder,"FW,MF",21.0,2.0,0,42.0,0.5,0.0,0.0,0.0,0.0,0.0,0.0,0.0,0.0,0.0,0.0,0.0,0.0,0.0,Matches,ch Switzerland,
Filip Ugrinic,MF,25.0,2.0,0,36.0,0.4,0.0,0.0,0.0,0.0,0.0,0.0,0.0,0.0,0.0,0.0,0.0,0.0,0.0,Matches,ch Switzerland,
Haris Seferović,FW,31.0,1.0,0,32.0,0.4,0.0,0.0,0.0,0.0,0.0,0.0,0.0,0.0,0.0,0.0,0.0,0.0,0.0,Matches,ch Switzerland,
Steven Zuber,"DF,FW",32.0,1.0,0,30.0,0.3,0.0,0.0,0.0,0.0,0.0,0.0,0.0,0.0,0.0,0.0,0.0,0.0,0.0,Matches,ch Switzerland,
Uran Bislimi,MF,24.0,2.0,0,2.0,0.0,0.0,0.0,0.0,0.0,0.0,0.0,0.0,0.0,0.0,0.0,0.0,0.0,0.0,Matches,ch Switzerland,
Loris Benito,DF,32.0,0.0,0,,,,,,,,,,,,,,,,Matches,ch Switzerland,
Jérémy Frick,GK,30.0,0.0,0,,,,,,,,,,,,,,,,Matches,ch Switzerland,
Ardon Jashari,MF,21.0,0.0,0,,,,,,,,,,,,,,,,Matches,ch Switzerland,
Michael Lang,"DF,MF",32.0,0.0,0,,,,,,,,,,,,,,,,Matches,ch Switzerland,
Jonas Omlin,GK,30.0,0.0,0,,,,,,,,,,,,,,,,Matches,ch Switzerland,
Anthony Racioppi,GK,25.0,0.0,0,,,,,,,,,,,,,,,,Matches,ch Switzerland,
Dominik Schmid,"DF,MF",25.0,0.0,0,,,,,,,,,,,,,,,,Matches,ch Switzerland,
Squad Total,,29.0,10.0,110,900.0,10.0,21.0,15.0,36.0,20.0,1.0,1.0,19.0,1.0,2.1,1.5,3.6,2.0,3.5,,ch Switzerland,
Opponent Total,,27.3,10.0,110,900.0,10.0,11.0,9.0,20.0,11.0,0.0,0.0,28.0,0.0,1.1,0.9,2.0,1.1,2.0,,ch Switzerland,
Tomáš Souček,MF,28.0,8.0,8,720.0,8.0,3.0,1.0,4.0,2.0,1.0,1.0,1.0,0.0,0.37,0.12,0.5,0.25,0.37,Matches,cz Czechia,
Tomáš Holeš,DF,30.0,8.0,8,675.0,7.5,0.0,0.0,0.0,0.0,0.0,0.0,0.0,0.0,0.0,0.0,0.0,0.0,0.0,Matches,cz Czechia,
Vladimír Coufal,"MF,DF",31.0,6.0,6,520.0,5.8,0.0,1.0,1.0,0.0,0.0,0.0,2.0,0.0,0.0,0.17,0.17,0.0,0.17,Matches,cz Czechia,
Jan Kuchta,FW,27.0,7.0,6,422.0,4.7,1.0,0.0,1.0,1.0,0.0,0.0,0.0,0.0,0.21,0.0,0.21,0.21,0.21,Matches,cz Czechia,
Adam Hložek,"FW,MF",21.0,8.0,5,477.0,5.3,0.0,0.0,0.0,0.0,0.0,0.0,0.0,0.0,0.0,0.0,0.0,0.0,0.0,Matches,cz Czechia,
Jakub Brabec,DF,31.0,6.0,5,451.0,5.0,0.0,0.0,0.0,0.0,0.0,0.0,2.0,0.0,0.0,0.0,0.0,0.0,0.0,Matches,cz Czechia,
Jiří Pavlenka,GK,31.0,5.0,5,450.0,5.0,0.0,0.0,0.0,0.0,0.0,0.0,0.0,0.0,0.0,0.0,0.0,0.0,0.0,Matches,cz Czechia,
Ladislav Krejčí,DF,24.0,5.0,5,445.0,4.9,2.0,0.0,2.0,2.0,0.0,0.0,0.0,0.0,0.4,0.0,0.4,0.4,0.4,Matches,cz Czechia,
David Jurásek,"MF,DF",23.0,5.0,5,409.0,4.5,0.0,1.0,1.0,0.0,0.0,0.0,0.0,0.0,0.0,0.22,0.22,0.0,0.22,Matches,cz Czechia,
Tomáš Čvančara,FW,23.0,6.0,4,368.0,4.1,1.0,0.0,1.0,1.0,0.0,0.0,0.0,0.0,0.24,0.0,0.24,0.24,0.24,Matches,cz Czechia,
Michal Sadílek,MF,24.0,5.0,4,336.0,3.7,0.0,0.0,0.0,0.0,0.0,0.0,0.0,0.0,0.0,0.0,0.0,0.0,0.0,Matches,cz Czechia,
Václav Černý,"MF,FW",26.0,5.0,4,291.0,3.2,3.0,0.0,3.0,3.0,0.0,0.0,1.0,0.0,0.93,0.0,0.93,0.93,0.93,Matches,cz Czechia,
Lukáš Provod,MF,27.0,6.0,3,341.0,3.8,0.0,0.0,0.0,0.0,0.0,0.0,2.0,0.0,0.0,0.0,0.0,0.0,0.0,Matches,cz Czechia,
Alex Král,MF,25.0,5.0,3,303.0,3.4,0.0,1.0,1.0,0.0,0.0,0.0,0.0,0.0,0.0,0.3,0.3,0.0,0.3,Matches,cz Czechia,
David Doudera,"MF,DF",25.0,5.0,3,281.0,3.1,1.0,0.0,1.0,1.0,0.0,0.0,0.0,0.0,0.32,0.0,0.32,0.32,0.32,Matches,cz Czechia,
Jindřich Staněk,GK,27.0,2.0,2,180.0,2.0,0.0,0.0,0.0,0.0,0.0,0.0,0.0,0.0,0.0,0.0,0.0,0.0,0.0,Matches,cz Czechia,
David Zima,DF,23.0,2.0,2,180.0,2.0,0.0,0.0,0.0,0.0,0.0,0.0,0.0,0.0,0.0,0.0,0.0,0.0,0.0,Matches,cz Czechia,
Mojmir Chytil,FW,24.0,7.0,2,159.0,1.8,0.0,1.0,1.0,0.0,0.0,0.0,3.0,1.0,0.0,0.57,0.57,0.0,0.57,Matches,cz Czechia,
Ondřej Lingr,MF,25.0,5.0,1,131.0,1.5,0.0,0.0,0.0,0.0,0.0,0.0,1.0,0.0,0.0,0.0,0.0,0.0,0.0,Matches,cz Czechia,
Václav Jurečka,MF,29.0,3.0,1,114.0,1.3,0.0,1.0,1.0,0.0,0.0,0.0,0.0,0.0,0.0,0.79,0.79,0.0,0.79,Matches,cz Czechia,
Lukáš Masopust,MF,30.0,2.0,1,104.0,1.2,0.0,0.0,0.0,0.0,0.0,0.0,1.0,0.0,0.0,0.0,0.0,0.0,0.0,Matches,cz Czechia,
Antonín Barák,MF,29.0,2.0,1,92.0,1.0,0.0,0.0,0.0,0.0,0.0,0.0,0.0,0.0,0.0,0.0,0.0,0.0,0.0,Matches,cz Czechia,
Václav Jemelka,DF,28.0,1.0,1,90.0,1.0,0.0,0.0,0.0,0.0,0.0,0.0,0.0,0.0,0.0,0.0,0.0,0.0,0.0,Matches,cz Czechia,
Aleš Mandous,GK,31.0,1.0,1,90.0,1.0,0.0,0.0,0.0,0.0,0.0,0.0,0.0,0.0,0.0,0.0,0.0,0.0,0.0,Matches,cz Czechia,
Martin Vitík,DF,21.0,1.0,1,90.0,1.0,0.0,0.0,0.0,0.0,0.0,0.0,0.0,0.0,0.0,0.0,0.0,0.0,0.0,Matches,cz Czechia,
Tomáš Chorý,FW,29.0,1.0,1,85.0,0.9,1.0,1.0,2.0,1.0,0.0,0.0,0.0,0.0,1.06,1.06,2.12,1.06,2.12,Matches,cz Czechia,
Vasil Kušej,"FW,MF",23.0,1.0,0,33.0,0.4,0.0,1.0,1.0,0.0,0.0,0.0,1.0,0.0,0.0,2.73,2.73,0.0,2.73,Matches,cz Czechia,
Petr Ševčík,MF,29.0,1.0,0,18.0,0.2,0.0,0.0,0.0,0.0,0.0,0.0,1.0,0.0,0.0,0.0,0.0,0.0,0.0,Matches,cz Czechia,
Jan Matoušek,MF,25.0,1.0,0,10.0,0.1,0.0,0.0,0.0,0.0,0.0,0.0,0.0,0.0,0.0,0.0,0.0,0.0,0.0,Matches,cz Czechia,
Jaroslav Zelený,"DF,MF",31.0,1.0,0,2.0,0.0,0.0,0.0,0.0,0.0,0.0,0.0,0.0,0.0,0.0,0.0,0.0,0.0,0.0,Matches,cz Czechia,
Lukáš Sadílek,MF,27.0,1.0,0,1.0,0.0,0.0,0.0,0.0,0.0,0.0,0.0,0.0,0.0,0.0,0.0,0.0,0.0,0.0,Matches,cz Czechia,
Matěj Jurásek,FW,20.0,0.0,0,,,,,,,,,,,,,,,,Matches,cz Czechia,
Tomáš Koubek,GK,31.0,0.0,0,,,,,,,,,,,,,,,,Matches,cz Czechia,
Matej Kovar,GK,23.0,0.0,0,,,,,,,,,,,,,,,,Matches,cz Czechia,
Patrizio Stronati,DF,29.0,0.0,0,,,,,,,,,,,,,,,,Matches,cz Czechia,
Tomáš Vaclík,GK,34.0,0.0,0,,,,,,,,,,,,,,,,Matches,cz Czechia,
Jaromír Zmrhal,MF,30.0,0.0,0,,,,,,,,,,,,,,,,Matches,cz Czechia,
Squad Total,,27.3,8.0,88,720.0,8.0,12.0,8.0,20.0,11.0,1.0,1.0,15.0,1.0,1.5,1.0,2.5,1.37,2.37,,cz Czechia,
Opponent Total,,28.2,8.0,88,720.0,8.0,6.0,5.0,11.0,6.0,0.0,0.0,17.0,1.0,0.75,0.62,1.37,0.75,1.37,,cz Czechia,
Kasper Schmeichel,GK,37.0,10.0,10,900.0,10.0,0.0,0.0,0.0,0.0,0.0,0.0,0.0,0.0,0.0,0.0,0.0,0.0,0.0,Matches,dk Denmark,
Pierre Højbjerg,MF,28.0,10.0,9,808.0,9.0,2.0,1.0,3.0,2.0,0.0,0.0,1.0,0.0,0.22,0.11,0.33,0.22,0.33,Matches,dk Denmark,
Joakim Mæhle,"DF,MF",26.0,8.0,8,667.0,7.4,2.0,1.0,3.0,2.0,0.0,0.0,1.0,0.0,0.27,0.13,0.4,0.27,0.4,Matches,dk Denmark,
Simon Kjær,DF,34.0,8.0,7,640.0,7.1,0.0,1.0,1.0,0.0,0.0,0.0,1.0,0.0,0.0,0.14,0.14,0.0,0.14,Matches,dk Denmark,
Joachim Andersen,DF,27.0,7.0,7,630.0,7.0,0.0,1.0,1.0,0.0,0.0,0.0,3.0,0.0,0.0,0.14,0.14,0.0,0.14,Matches,dk Denmark,
Jonas Wind,"FW,MF",24.0,10.0,7,598.0,6.6,3.0,3.0,6.0,3.0,0.0,0.0,0.0,0.0,0.45,0.45,0.9,0.45,0.9,Matches,dk Denmark,
Andreas Christensen,DF,27.0,7.0,7,557.0,6.2,0.0,0.0,0.0,0.0,0.0,0.0,1.0,0.0,0.0,0.0,0.0,0.0,0.0,Matches,dk Denmark,
Rasmus Højlund,FW,20.0,8.0,6,594.0,6.6,7.0,1.0,8.0,7.0,0.0,0.0,1.0,0.0,1.06,0.15,1.21,1.06,1.21,Matches,dk Denmark,
Christian Eriksen,MF,31.0,6.0,6,540.0,6.0,1.0,3.0,4.0,1.0,0.0,0.0,0.0,0.0,0.17,0.5,0.67,0.17,0.67,Matches,dk Denmark,
Christian Nørgaard,MF,29.0,6.0,5,397.0,4.4,0.0,0.0,0.0,0.0,0.0,0.0,3.0,0.0,0.0,0.0,0.0,0.0,0.0,Matches,dk Denmark,
Mathias Jensen,MF,28.0,6.0,4,303.0,3.4,0.0,0.0,0.0,0.0,0.0,0.0,0.0,0.0,0.0,0.0,0.0,0.0,0.0,Matches,dk Denmark,
Andreas Skov Olsen,"MF,FW",24.0,4.0,4,286.0,3.2,0.0,0.0,0.0,0.0,0.0,0.0,0.0,0.0,0.0,0.0,0.0,0.0,0.0,Matches,dk Denmark,
Jesper Lindstrøm,"FW,MF",23.0,7.0,4,245.0,2.7,0.0,0.0,0.0,0.0,0.0,0.0,0.0,0.0,0.0,0.0,0.0,0.0,0.0,Matches,dk Denmark,
Alexander Bah,"DF,MF",26.0,3.0,3,244.0,2.7,0.0,1.0,1.0,0.0,0.0,0.0,0.0,0.0,0.0,0.37,0.37,0.0,0.37,Matches,dk Denmark,
Jens Stryger Larsen,"MF,DF",32.0,5.0,2,243.0,2.7,0.0,0.0,0.0,0.0,0.0,0.0,0.0,0.0,0.0,0.0,0.0,0.0,0.0,Matches,dk Denmark,
Rasmus Kristensen,DF,26.0,7.0,2,216.0,2.4,0.0,0.0,0.0,0.0,0.0,0.0,1.0,0.0,0.0,0.0,0.0,0.0,0.0,Matches,dk Denmark,
Martin Braithwaite,"MF,FW",32.0,5.0,2,205.0,2.3,0.0,0.0,0.0,0.0,0.0,0.0,0.0,0.0,0.0,0.0,0.0,0.0,0.0,Matches,dk Denmark,
Victor Bernth Kristiansen,DF,21.0,4.0,2,193.0,2.1,0.0,1.0,1.0,0.0,0.0,0.0,0.0,0.0,0.0,0.47,0.47,0.0,0.47,Matches,dk Denmark,
Mikkel Damsgaard,"MF,FW",23.0,4.0,2,178.0,2.0,0.0,1.0,1.0,0.0,0.0,0.0,0.0,0.0,0.0,0.51,0.51,0.0,0.51,Matches,dk Denmark,
Mohammed Daramy,FW,22.0,5.0,2,174.0,1.9,0.0,1.0,1.0,0.0,0.0,0.0,0.0,0.0,0.0,0.52,0.52,0.0,0.52,Matches,dk Denmark,
Kasper Dolberg,"MF,FW",26.0,3.0,2,163.0,1.8,0.0,0.0,0.0,0.0,0.0,0.0,0.0,0.0,0.0,0.0,0.0,0.0,0.0,Matches,dk Denmark,
Yussuf Poulsen,FW,29.0,7.0,1,228.0,2.5,1.0,0.0,1.0,1.0,0.0,0.0,1.0,0.0,0.39,0.0,0.39,0.39,0.39,Matches,dk Denmark,
Victor Nelsson,DF,25.0,2.0,1,163.0,1.8,0.0,0.0,0.0,0.0,0.0,0.0,0.0,0.0,0.0,0.0,0.0,0.0,0.0,Matches,dk Denmark,
Morten Hjulmand,MF,24.0,3.0,1,121.0,1.3,0.0,0.0,0.0,0.0,0.0,0.0,0.0,0.0,0.0,0.0,0.0,0.0,0.0,Matches,dk Denmark,
Thomas Delaney,MF,32.0,3.0,1,120.0,1.3,1.0,0.0,1.0,1.0,0.0,0.0,0.0,0.0,0.75,0.0,0.75,0.75,0.75,Matches,dk Denmark,
Jannik Vestergaard,DF,31.0,2.0,1,120.0,1.3,0.0,1.0,1.0,0.0,0.0,0.0,0.0,0.0,0.0,0.75,0.75,0.0,0.75,Matches,dk Denmark,
Robert Skov,MF,27.0,2.0,1,97.0,1.1,2.0,0.0,2.0,2.0,0.0,0.0,0.0,0.0,1.86,0.0,1.86,1.86,1.86,Matches,dk Denmark,
Mathias Jørgensen,DF,33.0,1.0,1,90.0,1.0,0.0,0.0,0.0,0.0,0.0,0.0,1.0,0.0,0.0,0.0,0.0,0.0,0.0,Matches,dk Denmark,
Elias Jelert,DF,20.0,1.0,1,61.0,0.7,0.0,0.0,0.0,0.0,0.0,0.0,0.0,0.0,0.0,0.0,0.0,0.0,0.0,Matches,dk Denmark,
Matt O'Riley,MF,23.0,1.0,1,60.0,0.7,0.0,0.0,0.0,0.0,0.0,0.0,0.0,0.0,0.0,0.0,0.0,0.0,0.0,Matches,dk Denmark,
Philip Billing,MF,27.0,2.0,0,40.0,0.4,0.0,0.0,0.0,0.0,0.0,0.0,0.0,0.0,0.0,0.0,0.0,0.0,0.0,Matches,dk Denmark,
Nicolai Vallys,"FW,MF",27.0,1.0,0,19.0,0.2,0.0,0.0,0.0,0.0,0.0,0.0,0.0,0.0,0.0,0.0,0.0,0.0,0.0,Matches,dk Denmark,
Jacob Bruun Larsen,"FW,MF",25.0,0.0,0,,,,,,,,,,,,,,,,Matches,dk Denmark,
Anders Dreyer,"FW,MF",25.0,0.0,0,,,,,,,,,,,,,,,,Matches,dk Denmark,
Mads Hermansen,GK,23.0,0.0,0,,,,,,,,,,,,,,,,Matches,dk Denmark,
Marcus Ingvartsen,"FW,MF",28.0,0.0,0,,,,,,,,,,,,,,,,Matches,dk Denmark,
Frederik Rønnow,GK,31.0,0.0,0,,,,,,,,,,,,,,,,Matches,dk Denmark,
Squad Total,,28.5,10.0,110,900.0,10.0,19.0,16.0,35.0,19.0,0.0,0.0,14.0,0.0,1.9,1.6,3.5,1.9,3.5,,dk Denmark,
Opponent Total,,27.5,10.0,110,900.0,10.0,10.0,7.0,17.0,9.0,1.0,1.0,22.0,1.0,1.0,0.7,1.7,0.9,1.6,,dk Denmark,
Harry Maguire,DF,30.0,8.0,8,720.0,8.0,0.0,0.0,0.0,0.0,0.0,0.0,2.0,0.0,0.0,0.0,0.0,0.0,0.0,Matches,eng England,
Jordan Pickford,GK,29.0,8.0,8,720.0,8.0,0.0,0.0,0.0,0.0,0.0,0.0,0.0,0.0,0.0,0.0,0.0,0.0,0.0,Matches,eng England,
Declan Rice,MF,25.0,8.0,7,628.0,7.0,1.0,0.0,1.0,1.0,0.0,0.0,2.0,0.0,0.14,0.0,0.14,0.14,0.14,Matches,eng England,
Harry Kane,FW,30.0,8.0,7,605.0,6.7,8.0,2.0,10.0,4.0,4.0,4.0,1.0,0.0,1.19,0.3,1.49,0.6,0.89,Matches,eng England,
Kyle Walker,DF,33.0,7.0,6,585.0,6.5,1.0,1.0,2.0,1.0,0.0,0.0,1.0,0.0,0.15,0.15,0.31,0.15,0.31,Matches,eng England,
Bukayo Saka,"FW,MF",22.0,7.0,6,490.0,5.4,4.0,2.0,6.0,4.0,0.0,0.0,0.0,0.0,0.73,0.37,1.1,0.73,1.1,Matches,eng England,
Jordan Henderson,MF,33.0,6.0,5,377.0,4.2,0.0,2.0,2.0,0.0,0.0,0.0,0.0,0.0,0.0,0.48,0.48,0.0,0.48,Matches,eng England,
Marc Guéhi,DF,23.0,5.0,4,388.0,4.3,0.0,0.0,0.0,0.0,0.0,0.0,0.0,0.0,0.0,0.0,0.0,0.0,0.0,Matches,eng England,
Trent Alexander-Arnold,MF,25.0,4.0,4,353.0,3.9,1.0,1.0,2.0,1.0,0.0,0.0,1.0,0.0,0.25,0.25,0.51,0.25,0.51,Matches,eng England,
John Stones,DF,29.0,4.0,4,332.0,3.7,0.0,0.0,0.0,0.0,0.0,0.0,0.0,0.0,0.0,0.0,0.0,0.0,0.0,Matches,eng England,
Jude Bellingham,MF,20.0,4.0,4,316.0,3.5,0.0,1.0,1.0,0.0,0.0,0.0,0.0,0.0,0.0,0.28,0.28,0.0,0.28,Matches,eng England,
Phil Foden,"MF,FW",23.0,7.0,3,384.0,4.3,0.0,0.0,0.0,0.0,0.0,0.0,0.0,0.0,0.0,0.0,0.0,0.0,0.0,Matches,eng England,
Kieran Trippier,DF,33.0,4.0,3,280.0,3.1,0.0,0.0,0.0,0.0,0.0,0.0,0.0,0.0,0.0,0.0,0.0,0.0,0.0,Matches,eng England,
Marcus Rashford,"FW,MF",26.0,6.0,3,271.0,3.0,2.0,0.0,2.0,2.0,0.0,0.0,0.0,0.0,0.66,0.0,0.66,0.66,0.66,Matches,eng England,
Luke Shaw,DF,28.0,3.0,3,228.0,2.5,0.0,1.0,1.0,0.0,0.0,0.0,2.0,1.0,0.0,0.39,0.39,0.0,0.39,Matches,eng England,
James Maddison,FW,27.0,3.0,3,218.0,2.4,0.0,0.0,0.0,0.0,0.0,0.0,1.0,0.0,0.0,0.0,0.0,0.0,0.0,Matches,eng England,
Kalvin Phillips,MF,28.0,4.0,2,198.0,2.2,1.0,0.0,1.0,1.0,0.0,0.0,2.0,0.0,0.45,0.0,0.45,0.45,0.45,Matches,eng England,
Jack Grealish,"MF,FW",28.0,5.0,2,196.0,2.2,0.0,0.0,0.0,0.0,0.0,0.0,0.0,0.0,0.0,0.0,0.0,0.0,0.0,Matches,eng England,
Ben Chilwell,DF,27.0,2.0,2,180.0,2.0,0.0,0.0,0.0,0.0,0.0,0.0,0.0,0.0,0.0,0.0,0.0,0.0,0.0,Matches,eng England,
Conor Gallagher,MF,23.0,5.0,1,95.0,1.1,0.0,0.0,0.0,0.0,0.0,0.0,0.0,0.0,0.0,0.0,0.0,0.0,0.0,Matches,eng England,
Rico Lewis,DF,19.0,1.0,1,90.0,1.0,0.0,0.0,0.0,0.0,0.0,0.0,1.0,0.0,0.0,0.0,0.0,0.0,0.0,Matches,eng England,
Ollie Watkins,FW,28.0,1.0,1,57.0,0.6,0.0,0.0,0.0,0.0,0.0,0.0,0.0,0.0,0.0,0.0,0.0,0.0,0.0,Matches,eng England,
Fikayo Tomori,DF,26.0,1.0,1,45.0,0.5,0.0,0.0,0.0,0.0,0.0,0.0,1.0,0.0,0.0,0.0,0.0,0.0,0.0,Matches,eng England,
Callum Wilson,FW,31.0,2.0,0,48.0,0.5,1.0,0.0,1.0,0.0,1.0,1.0,0.0,0.0,1.87,0.0,1.87,0.0,0.0,Matches,eng England,
Cole Palmer,"FW,MF",21.0,2.0,0,37.0,0.4,0.0,0.0,0.0,0.0,0.0,0.0,0.0,0.0,0.0,0.0,0.0,0.0,0.0,Matches,eng England,
Tyrone Mings,DF,30.0,1.0,0,31.0,0.3,0.0,0.0,0.0,0.0,0.0,0.0,0.0,0.0,0.0,0.0,0.0,0.0,0.0,Matches,eng England,
Eberechi Eze,"FW,MF",25.0,1.0,0,21.0,0.2,0.0,0.0,0.0,0.0,0.0,0.0,0.0,0.0,0.0,0.0,0.0,0.0,0.0,Matches,eng England,
Ivan Toney,FW,27.0,1.0,0,10.0,0.1,0.0,0.0,0.0,0.0,0.0,0.0,0.0,0.0,0.0,0.0,0.0,0.0,0.0,Matches,eng England,
Reece James,"DF,MF",24.0,1.0,0,6.0,0.1,0.0,0.0,0.0,0.0,0.0,0.0,0.0,0.0,0.0,0.0,0.0,0.0,0.0,Matches,eng England,
Jarrod Bowen,"FW,MF",27.0,0.0,0,,,,,,,,,,,,,,,,Matches,eng England,
Levi Colwill,DF,20.0,0.0,0,,,,,,,,,,,,,,,,Matches,eng England,
Eric Dier,"DF,MF",30.0,0.0,0,,,,,,,,,,,,,,,,Matches,eng England,
Lewis Dunk,DF,32.0,0.0,0,,,,,,,,,,,,,,,,Matches,eng England,
Fraser Forster,GK,35.0,0.0,0,,,,,,,,,,,,,,,,Matches,eng England,
Sam Johnstone,GK,30.0,0.0,0,,,,,,,,,,,,,,,,Matches,eng England,
Ezri Konsa,"DF,FW",26.0,0.0,0,,,,,,,,,,,,,,,,Matches,eng England,
Aaron Ramsdale,GK,25.0,0.0,0,,,,,,,,,,,,,,,,Matches,eng England,
Squad Total,,27.9,8.0,88,720.0,8.0,19.0,10.0,29.0,14.0,5.0,5.0,14.0,1.0,2.37,1.25,3.62,1.75,3.0,,eng England,
Opponent Total,,28.3,8.0,88,720.0,8.0,4.0,3.0,7.0,4.0,0.0,1.0,14.0,0.0,0.5,0.37,0.87,0.5,0.87,,eng England,
Rodri,MF,27.0,7.0,7,606.0,6.7,0.0,1.0,1.0,0.0,0.0,0.0,2.0,0.0,0.0,0.15,0.15,0.0,0.15,Matches,es Spain,
Gavi,"MF,FW",19.0,8.0,7,484.0,5.4,2.0,0.0,2.0,2.0,0.0,0.0,1.0,0.0,0.37,0.0,0.37,0.37,0.37,Matches,es Spain,
Dani Carvajal,DF,32.0,8.0,6,586.0,6.5,0.0,2.0,2.0,0.0,0.0,0.0,2.0,0.0,0.0,0.31,0.31,0.0,0.31,Matches,es Spain,
Álvaro Morata,FW,31.0,6.0,6,458.0,5.1,4.0,0.0,4.0,4.0,0.0,0.0,1.0,0.0,0.79,0.0,0.79,0.79,0.79,Matches,es Spain,
Robin Le Normand,DF,27.0,6.0,6,450.0,5.0,1.0,0.0,1.0,1.0,0.0,0.0,1.0,0.0,0.2,0.0,0.2,0.2,0.2,Matches,es Spain,
Aymeric Laporte,DF,29.0,5.0,5,450.0,5.0,0.0,0.0,0.0,0.0,0.0,0.0,2.0,0.0,0.0,0.0,0.0,0.0,0.0,Matches,es Spain,
Unai Simón,GK,26.0,5.0,5,450.0,5.0,0.0,0.0,0.0,0.0,0.0,0.0,1.0,0.0,0.0,0.0,0.0,0.0,0.0,Matches,es Spain,
Mikel Merino,MF,27.0,6.0,5,370.0,4.1,1.0,1.0,2.0,1.0,0.0,0.0,1.0,0.0,0.24,0.24,0.49,0.24,0.49,Matches,es Spain,
José Luis Gayà,DF,28.0,4.0,4,330.0,3.7,0.0,2.0,2.0,0.0,0.0,0.0,0.0,0.0,0.0,0.55,0.55,0.0,0.55,Matches,es Spain,
Fabián Ruiz Peña,MF,27.0,4.0,3,280.0,3.1,0.0,2.0,2.0,0.0,0.0,0.0,0.0,0.0,0.0,0.64,0.64,0.0,0.64,Matches,es Spain,
Ferrán Torres,FW,23.0,5.0,3,272.0,3.0,3.0,1.0,4.0,3.0,0.0,0.0,0.0,0.0,0.99,0.33,1.32,0.99,1.32,Matches,es Spain,
Mikel Oyarzabal,FW,26.0,5.0,3,207.0,2.3,1.0,2.0,3.0,1.0,0.0,0.0,0.0,0.0,0.43,0.87,1.3,0.43,1.3,Matches,es Spain,
Joselu,FW,33.0,7.0,2,237.0,2.6,4.0,2.0,6.0,4.0,0.0,0.0,0.0,0.0,1.52,0.76,2.28,1.52,2.28,Matches,es Spain,
Nico Williams,FW,21.0,4.0,2,222.0,2.5,1.0,3.0,4.0,1.0,0.0,0.0,0.0,0.0,0.41,1.22,1.62,0.41,1.62,Matches,es Spain,
Lamine Yamal,FW,16.0,4.0,2,205.0,2.3,2.0,0.0,2.0,2.0,0.0,0.0,0.0,0.0,0.88,0.0,0.88,0.88,0.88,Matches,es Spain,
Kepa Arrizabalaga,GK,29.0,2.0,2,180.0,2.0,0.0,0.0,0.0,0.0,0.0,0.0,0.0,0.0,0.0,0.0,0.0,0.0,0.0,Matches,es Spain,
Iñigo Martínez,DF,32.0,2.0,2,180.0,2.0,0.0,0.0,0.0,0.0,0.0,0.0,1.0,0.0,0.0,0.0,0.0,0.0,0.0,Matches,es Spain,
Alejandro Balde,DF,20.0,3.0,2,165.0,1.8,0.0,1.0,1.0,0.0,0.0,0.0,0.0,0.0,0.0,0.55,0.55,0.0,0.55,Matches,es Spain,
Dani Olmo,FW,25.0,2.0,2,109.0,1.2,2.0,0.0,2.0,2.0,0.0,0.0,0.0,0.0,1.65,0.0,1.65,1.65,1.65,Matches,es Spain,
David García,DF,29.0,3.0,1,180.0,2.0,0.0,0.0,0.0,0.0,0.0,0.0,0.0,0.0,0.0,0.0,0.0,0.0,0.0,Matches,es Spain,
Yeremi Pino,FW,21.0,3.0,1,159.0,1.8,0.0,0.0,0.0,0.0,0.0,0.0,1.0,0.0,0.0,0.0,0.0,0.0,0.0,Matches,es Spain,
Fran Garcia,DF,24.0,2.0,1,135.0,1.5,0.0,0.0,0.0,0.0,0.0,0.0,0.0,0.0,0.0,0.0,0.0,0.0,0.0,Matches,es Spain,
Martín Zubimendi,MF,24.0,3.0,1,114.0,1.3,0.0,0.0,0.0,0.0,0.0,0.0,1.0,0.0,0.0,0.0,0.0,0.0,0.0,Matches,es Spain,
Dani Ceballos,MF,27.0,2.0,1,111.0,1.2,0.0,0.0,0.0,0.0,0.0,0.0,0.0,0.0,0.0,0.0,0.0,0.0,0.0,Matches,es Spain,
Iago Aspas,MF,36.0,2.0,1,91.0,1.0,0.0,0.0,0.0,0.0,0.0,0.0,1.0,0.0,0.0,0.0,0.0,0.0,0.0,Matches,es Spain,
Álex Grimaldo,DF,28.0,1.0,1,90.0,1.0,0.0,1.0,1.0,0.0,0.0,0.0,0.0,0.0,0.0,1.0,1.0,0.0,1.0,Matches,es Spain,
Nacho,DF,34.0,1.0,1,90.0,1.0,0.0,0.0,0.0,0.0,0.0,0.0,0.0,0.0,0.0,0.0,0.0,0.0,0.0,Matches,es Spain,
David Raya,GK,28.0,1.0,1,90.0,1.0,0.0,0.0,0.0,0.0,0.0,0.0,0.0,0.0,0.0,0.0,0.0,0.0,0.0,Matches,es Spain,
Pau Torres,DF,27.0,1.0,1,90.0,1.0,0.0,0.0,0.0,0.0,0.0,0.0,0.0,0.0,0.0,0.0,0.0,0.0,0.0,Matches,es Spain,
Jesús Navas,DF,38.0,2.0,1,89.0,1.0,0.0,1.0,1.0,0.0,0.0,0.0,0.0,0.0,0.0,1.01,1.01,0.0,1.01,Matches,es Spain,
Ansu Fati,FW,21.0,1.0,1,45.0,0.5,0.0,0.0,0.0,0.0,0.0,0.0,0.0,0.0,0.0,0.0,0.0,0.0,0.0,Matches,es Spain,
Pedro Porro,DF,24.0,1.0,1,45.0,0.5,0.0,0.0,0.0,0.0,0.0,0.0,0.0,0.0,0.0,0.0,0.0,0.0,0.0,Matches,es Spain,
Marco Asensio,FW,28.0,1.0,1,43.0,0.5,0.0,1.0,1.0,0.0,0.0,0.0,0.0,0.0,0.0,2.09,2.09,0.0,2.09,Matches,es Spain,
Oihan Sancet,"FW,MF",23.0,3.0,0,101.0,1.1,1.0,0.0,1.0,1.0,0.0,0.0,0.0,0.0,0.89,0.0,0.89,0.89,0.89,Matches,es Spain,
Rodrigo Riquelme,MF,23.0,2.0,0,56.0,0.6,0.0,0.0,0.0,0.0,0.0,0.0,1.0,0.0,0.0,0.0,0.0,0.0,0.0,Matches,es Spain,
Aleix García,MF,26.0,1.0,0,45.0,0.5,0.0,0.0,0.0,0.0,0.0,0.0,0.0,0.0,0.0,0.0,0.0,0.0,0.0,Matches,es Spain,
Bryan Zaragoza,MF,22.0,1.0,0,45.0,0.5,0.0,0.0,0.0,0.0,0.0,0.0,0.0,0.0,0.0,0.0,0.0,0.0,0.0,Matches,es Spain,
Borja Iglesias,FW,31.0,1.0,0,25.0,0.3,0.0,0.0,0.0,0.0,0.0,0.0,0.0,0.0,0.0,0.0,0.0,0.0,0.0,Matches,es Spain,
Alfonso Pedraza,"DF,FW",27.0,1.0,0,20.0,0.2,0.0,0.0,0.0,0.0,0.0,0.0,0.0,0.0,0.0,0.0,0.0,0.0,0.0,Matches,es Spain,
Alex Baena,"FW,MF",22.0,1.0,0,15.0,0.2,1.0,0.0,1.0,1.0,0.0,0.0,0.0,0.0,6.0,0.0,6.0,6.0,6.0,Matches,es Spain,
César Azpilicueta,"DF,MF",34.0,0.0,0,,,,,,,,,,,,,,,,Matches,es Spain,
Álex Remiro,GK,28.0,0.0,0,,,,,,,,,,,,,,,,Matches,es Spain,
Abel Ruiz,FW,24.0,0.0,0,,,,,,,,,,,,,,,,Matches,es Spain,
Robert Sánchez,GK,26.0,0.0,0,,,,,,,,,,,,,,,,Matches,es Spain,
Squad Total,,27.3,8.0,88,720.0,8.0,23.0,20.0,43.0,23.0,0.0,0.0,16.0,0.0,2.87,2.5,5.37,2.87,5.37,,es Spain,
Opponent Total,,27.2,8.0,88,720.0,8.0,5.0,3.0,8.0,5.0,0.0,0.0,23.0,0.0,0.62,0.37,1.0,0.62,1.0,,es Spain,
Theo Hernández,DF,26.0,8.0,8,720.0,8.0,0.0,1.0,1.0,0.0,0.0,0.0,2.0,0.0,0.0,0.12,0.12,0.0,0.12,Matches,fr France,
Antoine Griezmann,MF,32.0,8.0,8,670.0,7.4,1.0,1.0,2.0,1.0,0.0,0.0,2.0,0.0,0.13,0.13,0.27,0.13,0.27,Matches,fr France,
Kylian Mbappé,"MF,FW",25.0,8.0,7,657.0,7.3,9.0,5.0,14.0,6.0,3.0,3.0,1.0,0.0,1.23,0.68,1.92,0.82,1.51,Matches,fr France,
Mike Maignan,GK,28.0,6.0,6,540.0,6.0,0.0,0.0,0.0,0.0,0.0,0.0,0.0,0.0,0.0,0.0,0.0,0.0,0.0,Matches,fr France,
Adrien Rabiot,MF,28.0,6.0,6,504.0,5.6,1.0,1.0,2.0,1.0,0.0,0.0,1.0,0.0,0.18,0.18,0.36,0.18,0.36,Matches,fr France,
Aurélien Tchouaméni,MF,24.0,6.0,5,445.0,4.9,1.0,1.0,2.0,1.0,0.0,0.0,1.0,0.0,0.2,0.2,0.4,0.2,0.4,Matches,fr France,
Ibrahima Konaté,DF,24.0,5.0,5,443.0,4.9,0.0,0.0,0.0,0.0,0.0,0.0,1.0,0.0,0.0,0.0,0.0,0.0,0.0,Matches,fr France,
Dayot Upamecano,DF,25.0,5.0,5,440.0,4.9,1.0,0.0,1.0,1.0,0.0,0.0,1.0,0.0,0.2,0.0,0.2,0.2,0.2,Matches,fr France,
Randal Kolo Muani,"FW,MF",25.0,6.0,5,416.0,4.6,1.0,0.0,1.0,1.0,0.0,0.0,0.0,0.0,0.22,0.0,0.22,0.22,0.22,Matches,fr France,
Kingsley Coman,"MF,FW",27.0,7.0,5,386.0,4.3,2.0,2.0,4.0,2.0,0.0,0.0,0.0,0.0,0.47,0.47,0.93,0.47,0.93,Matches,fr France,
Jules Koundé,DF,25.0,5.0,4,341.0,3.8,0.0,0.0,0.0,0.0,0.0,0.0,0.0,0.0,0.0,0.0,0.0,0.0,0.0,Matches,fr France,
Olivier Giroud,FW,37.0,8.0,4,287.0,3.2,3.0,1.0,4.0,3.0,0.0,0.0,0.0,0.0,0.94,0.31,1.25,0.94,1.25,Matches,fr France,
Eduardo Camavinga,MF,21.0,5.0,3,274.0,3.0,0.0,0.0,0.0,0.0,0.0,0.0,0.0,0.0,0.0,0.0,0.0,0.0,0.0,Matches,fr France,
Lucas Hernández,DF,27.0,3.0,3,246.0,2.7,0.0,0.0,0.0,0.0,0.0,0.0,0.0,0.0,0.0,0.0,0.0,0.0,0.0,Matches,fr France,
Ousmane Dembélé,MF,26.0,5.0,2,200.0,2.2,1.0,0.0,1.0,1.0,0.0,0.0,1.0,0.0,0.45,0.0,0.45,0.45,0.45,Matches,fr France,
Jonathan Clauss,DF,31.0,3.0,2,196.0,2.2,1.0,2.0,3.0,1.0,0.0,0.0,0.0,0.0,0.46,0.92,1.38,0.46,1.38,Matches,fr France,
Brice Samba,GK,29.0,2.0,2,180.0,2.0,0.0,0.0,0.0,0.0,0.0,0.0,0.0,0.0,0.0,0.0,0.0,0.0,0.0,Matches,fr France,
Benjamin Pavard,DF,27.0,3.0,2,172.0,1.9,1.0,0.0,1.0,1.0,0.0,0.0,1.0,0.0,0.52,0.0,0.52,0.52,0.52,Matches,fr France,
Youssouf Fofana,MF,25.0,5.0,1,192.0,2.1,2.0,1.0,3.0,2.0,0.0,0.0,1.0,0.0,0.94,0.47,1.41,0.94,1.41,Matches,fr France,
Marcus Thuram,FW,26.0,5.0,1,164.0,1.8,2.0,0.0,2.0,2.0,0.0,0.0,0.0,0.0,1.1,0.0,1.1,1.1,1.1,Matches,fr France,
William Saliba,DF,22.0,3.0,1,118.0,1.3,0.0,0.0,0.0,0.0,0.0,0.0,0.0,0.0,0.0,0.0,0.0,0.0,0.0,Matches,fr France,
Wesley Fofana,DF,23.0,1.0,1,90.0,1.0,0.0,0.0,0.0,0.0,0.0,0.0,0.0,0.0,0.0,0.0,0.0,0.0,0.0,Matches,fr France,
Jean-Clair Todibo,DF,24.0,1.0,1,90.0,1.0,0.0,0.0,0.0,0.0,0.0,0.0,0.0,0.0,0.0,0.0,0.0,0.0,0.0,Matches,fr France,
Warren Zaire-Emery,MF,17.0,1.0,1,19.0,0.2,1.0,0.0,1.0,1.0,0.0,0.0,0.0,0.0,4.74,0.0,4.74,4.74,4.74,Matches,fr France,
Moussa Diaby,"FW,MF",24.0,2.0,0,50.0,0.6,0.0,0.0,0.0,0.0,0.0,0.0,0.0,0.0,0.0,0.0,0.0,0.0,0.0,Matches,fr France,
Christopher Nkunku,"FW,MF",26.0,2.0,0,30.0,0.3,0.0,0.0,0.0,0.0,0.0,0.0,0.0,0.0,0.0,0.0,0.0,0.0,0.0,Matches,fr France,
Boubacar Kamara,"DF,MF",24.0,1.0,0,24.0,0.3,0.0,0.0,0.0,0.0,0.0,0.0,0.0,0.0,0.0,0.0,0.0,0.0,0.0,Matches,fr France,
Axel Disasi,DF,25.0,2.0,0,13.0,0.1,0.0,0.0,0.0,0.0,0.0,0.0,0.0,0.0,0.0,0.0,0.0,0.0,0.0,Matches,fr France,
Malo Gusto,DF,20.0,1.0,0,11.0,0.1,0.0,0.0,0.0,0.0,0.0,0.0,0.0,0.0,0.0,0.0,0.0,0.0,0.0,Matches,fr France,
Khéphren Thuram,MF,22.0,1.0,0,2.0,0.0,0.0,0.0,0.0,0.0,0.0,0.0,0.0,0.0,0.0,0.0,0.0,0.0,0.0,Matches,fr France,
Alphonse Areola,GK,30.0,0.0,0,,,,,,,,,,,,,,,,Matches,fr France,
Castello Lukeba,DF,21.0,0.0,0,,,,,,,,,,,,,,,,Matches,fr France,
Jordan Veretout,MF,30.0,0.0,0,,,,,,,,,,,,,,,,Matches,fr France,
Squad Total,,27.1,8.0,88,720.0,8.0,27.0,15.0,42.0,24.0,3.0,3.0,12.0,0.0,3.38,1.87,5.25,3.0,4.87,,fr France,
Opponent Total,,28.0,8.0,88,720.0,8.0,3.0,2.0,5.0,3.0,0.0,1.0,16.0,2.0,0.37,0.25,0.62,0.37,0.62,,fr France,
Guram Kashia,DF,36.0,,10,930.0,10.3,0.0,0.0,0.0,0.0,0.0,0.0,3.0,0.0,0.0,0.0,0.0,0.0,0.0,Matches,ge Georgia,10.0
Giorgi Mamardashvili,GK,23.0,,10,930.0,10.3,0.0,0.0,0.0,0.0,0.0,0.0,0.0,0.0,0.0,0.0,0.0,0.0,0.0,Matches,ge Georgia,10.0
Solomon Kvirkvelia,DF,31.0,,9,840.0,9.3,0.0,1.0,1.0,0.0,0.0,0.0,2.0,0.0,0.0,0.11,0.11,0.0,0.11,Matches,ge Georgia,9.0
Khvicha Kvaratskhelia,"FW,MF",22.0,,9,822.0,9.1,4.0,1.0,5.0,4.0,0.0,1.0,3.0,0.0,0.44,0.11,0.55,0.44,0.55,Matches,ge Georgia,9.0
Georges Mikautadze,FW,23.0,,8,705.0,7.8,3.0,0.0,3.0,2.0,1.0,1.0,0.0,0.0,0.38,0.0,0.38,0.26,0.26,Matches,ge Georgia,10.0
Otar Kakabadze,"DF,MF",28.0,,7,659.0,7.3,0.0,1.0,1.0,0.0,0.0,0.0,1.0,0.0,0.0,0.14,0.14,0.0,0.14,Matches,ge Georgia,7.0
Otar Kiteishvili,"MF,FW",27.0,,7,637.0,7.1,1.0,0.0,1.0,1.0,0.0,0.0,1.0,0.0,0.14,0.0,0.14,0.14,0.14,Matches,ge Georgia,7.0
Giorgi Chakvetadze,MF,24.0,,6,558.0,6.2,1.0,3.0,4.0,1.0,0.0,0.0,2.0,0.0,0.16,0.48,0.65,0.16,0.65,Matches,ge Georgia,8.0
Giorgi Kochorashvili,MF,24.0,,6,550.0,6.1,0.0,0.0,0.0,0.0,0.0,0.0,1.0,0.0,0.0,0.0,0.0,0.0,0.0,Matches,ge Georgia,6.0
Irakli Azarov,"DF,MF",21.0,,6,474.0,5.3,0.0,1.0,1.0,0.0,0.0,0.0,1.0,0.0,0.0,0.19,0.19,0.0,0.19,Matches,ge Georgia,7.0
Nika Kvekveskiri,MF,31.0,,5,384.0,4.3,0.0,0.0,0.0,0.0,0.0,0.0,1.0,0.0,0.0,0.0,0.0,0.0,0.0,Matches,ge Georgia,8.0
Luka Lochoshvili,DF,25.0,,4,343.0,3.8,0.0,0.0,0.0,0.0,0.0,0.0,0.0,0.0,0.0,0.0,0.0,0.0,0.0,Matches,ge Georgia,4.0
Budu Zivzivadze,FW,29.0,,3,331.0,3.7,3.0,0.0,3.0,3.0,0.0,0.0,3.0,0.0,0.82,0.0,0.82,0.82,0.82,Matches,ge Georgia,8.0
Lasha Dvali,DF,28.0,,3,300.0,3.3,0.0,0.0,0.0,0.0,0.0,0.0,0.0,0.0,0.0,0.0,0.0,0.0,0.0,Matches,ge Georgia,5.0
Giorgi Gocholeishvili,"DF,MF",22.0,,3,263.0,2.9,0.0,0.0,0.0,0.0,0.0,0.0,2.0,0.0,0.0,0.0,0.0,0.0,0.0,Matches,ge Georgia,6.0
Levan Shengelia,"DF,MF",28.0,,3,247.0,2.7,1.0,1.0,2.0,1.0,0.0,0.0,0.0,0.0,0.36,0.36,0.73,0.36,0.73,Matches,ge Georgia,4.0
Zuriko Davitashvili,MF,22.0,,2,307.0,3.4,1.0,0.0,1.0,1.0,0.0,0.0,1.0,0.0,0.29,0.0,0.29,0.29,0.29,Matches,ge Georgia,10.0
Saba Lobzhanidze,MF,29.0,,2,157.0,1.7,0.0,1.0,1.0,0.0,0.0,0.0,0.0,0.0,0.0,0.57,0.57,0.0,0.57,Matches,ge Georgia,4.0
Luka Gagnidze,MF,20.0,,2,152.0,1.7,0.0,0.0,0.0,0.0,0.0,0.0,1.0,0.0,0.0,0.0,0.0,0.0,0.0,Matches,ge Georgia,4.0
Giorgi Aburjania,MF,29.0,,2,134.0,1.5,0.0,0.0,0.0,0.0,0.0,0.0,2.0,0.0,0.0,0.0,0.0,0.0,0.0,Matches,ge Georgia,2.0
Vladimer Mamuchashvili,DF,26.0,,1,136.0,1.5,0.0,0.0,0.0,0.0,0.0,0.0,0.0,0.0,0.0,0.0,0.0,0.0,0.0,Matches,ge Georgia,3.0
Aleksandre Kalandadze,DF,22.0,,1,103.0,1.1,0.0,0.0,0.0,0.0,0.0,0.0,0.0,0.0,0.0,0.0,0.0,0.0,0.0,Matches,ge Georgia,2.0
Jemal Tabidze,DF,27.0,,1,58.0,0.6,0.0,0.0,0.0,0.0,0.0,0.0,0.0,0.0,0.0,0.0,0.0,0.0,0.0,Matches,ge Georgia,1.0
Anzor Mekvabishvili,MF,22.0,,0,118.0,1.3,0.0,0.0,0.0,0.0,0.0,0.0,0.0,0.0,0.0,0.0,0.0,0.0,0.0,Matches,ge Georgia,5.0
Heorhii Tsitaishvili,MF,23.0,,0,54.0,0.6,0.0,0.0,0.0,0.0,0.0,0.0,0.0,0.0,0.0,0.0,0.0,0.0,0.0,Matches,ge Georgia,2.0
Giorgi Kvilitaia,FW,30.0,,0,17.0,0.2,0.0,0.0,0.0,0.0,0.0,0.0,0.0,0.0,0.0,0.0,0.0,0.0,0.0,Matches,ge Georgia,2.0
Saba Sazonov,DF,21.0,,0,14.0,0.2,0.0,0.0,0.0,0.0,0.0,0.0,0.0,0.0,0.0,0.0,0.0,0.0,0.0,Matches,ge Georgia,1.0
Jaba Kankava,MF,37.0,,0,5.0,0.1,0.0,0.0,0.0,0.0,0.0,0.0,1.0,0.0,0.0,0.0,0.0,0.0,0.0,Matches,ge Georgia,1.0
Sandro Altunashvili,MF,26.0,,0,1.0,0.0,0.0,0.0,0.0,0.0,0.0,0.0,0.0,0.0,0.0,0.0,0.0,0.0,0.0,Matches,ge Georgia,1.0
Giorgi Beridze,"FW,MF",26.0,,0,1.0,0.0,0.0,0.0,0.0,0.0,0.0,0.0,0.0,0.0,0.0,0.0,0.0,0.0,0.0,Matches,ge Georgia,1.0
Giorgi Loria,GK,38.0,,0,,0.0,0.0,0.0,0.0,0.0,0.0,0.0,0.0,1.0,,,,,,Matches,ge Georgia,0.0
Iva Gelashvili,DF,22.0,,0,,,,,,,,,,,,,,,,Matches,ge Georgia,0.0
Luka Gugeshashvili,GK,24.0,,0,,,,,,,,,,,,,,,,Matches,ge Georgia,0.0
Giorgi Gwelesiani,DF,32.0,,0,,,,,,,,,,,,,,,,Matches,ge Georgia,0.0
Gabriel Sigua,MF,18.0,,0,,,,,,,,,,,,,,,,Matches,ge Georgia,0.0
Davit Volkovi,FW,28.0,,0,,,,,,,,,,,,,,,,Matches,ge Georgia,0.0
Squad Total,,27.0,,110,930.0,10.3,14.0,9.0,23.0,13.0,1.0,2.0,26.0,1.0,1.35,0.87,2.23,1.26,2.13,,ge Georgia,10.0
Opponent Total,,27.5,,110,930.0,10.3,16.0,12.0,28.0,15.0,1.0,1.0,28.0,1.0,1.55,1.16,2.71,1.45,2.61,,ge Georgia,10.0
Dominik Livaković,GK,29.0,,8,720.0,8.0,0.0,1.0,1.0,0.0,0.0,0.0,1.0,0.0,0.0,0.12,0.12,0.0,0.12,Matches,hr Croatia,8.0
Marcelo Brozović,MF,31.0,,8,690.0,7.7,0.0,0.0,0.0,0.0,0.0,0.0,2.0,0.0,0.0,0.0,0.0,0.0,0.0,Matches,hr Croatia,8.0
Luka Modrić,MF,38.0,,8,677.0,7.5,0.0,0.0,0.0,0.0,0.0,0.0,1.0,0.0,0.0,0.0,0.0,0.0,0.0,Matches,hr Croatia,8.0
Joško Gvardiol,DF,22.0,,8,675.0,7.5,0.0,0.0,0.0,0.0,0.0,0.0,2.0,0.0,0.0,0.0,0.0,0.0,0.0,Matches,hr Croatia,8.0
Josip Šutalo,DF,23.0,,7,630.0,7.0,0.0,0.0,0.0,0.0,0.0,0.0,0.0,0.0,0.0,0.0,0.0,0.0,0.0,Matches,hr Croatia,7.0
Andrej Kramarić,"FW,MF",32.0,,6,463.0,5.1,4.0,0.0,4.0,4.0,0.0,0.0,0.0,0.0,0.78,0.0,0.78,0.78,0.78,Matches,hr Croatia,6.0
Josip Stanišić,DF,23.0,,5,454.0,5.0,0.0,0.0,0.0,0.0,0.0,0.0,1.0,0.0,0.0,0.0,0.0,0.0,0.0,Matches,hr Croatia,6.0
Ivan Perišić,"FW,MF",34.0,,4,359.0,4.0,0.0,2.0,2.0,0.0,0.0,0.0,0.0,0.0,0.0,0.5,0.5,0.0,0.5,Matches,hr Croatia,4.0
Borna Barišić,DF,31.0,,4,341.0,3.8,0.0,1.0,1.0,0.0,0.0,0.0,1.0,0.0,0.0,0.26,0.26,0.0,0.26,Matches,hr Croatia,5.0
Mateo Kovačić,MF,29.0,,4,334.0,3.7,2.0,0.0,2.0,2.0,0.0,0.0,0.0,0.0,0.54,0.0,0.54,0.54,0.54,Matches,hr Croatia,4.0
Luka Ivanušec,"MF,FW",25.0,,4,269.0,3.0,1.0,1.0,2.0,1.0,0.0,0.0,0.0,0.0,0.33,0.33,0.67,0.33,0.67,Matches,hr Croatia,5.0
Lovro Majer,"MF,FW",26.0,,3,316.0,3.5,1.0,1.0,2.0,1.0,0.0,0.0,0.0,0.0,0.28,0.28,0.57,0.28,0.57,Matches,hr Croatia,7.0
Josip Juranović,DF,28.0,,3,292.0,3.2,0.0,0.0,0.0,0.0,0.0,0.0,1.0,0.0,0.0,0.0,0.0,0.0,0.0,Matches,hr Croatia,5.0
Borna Sosa,DF,26.0,,3,289.0,3.2,0.0,1.0,1.0,0.0,0.0,0.0,0.0,0.0,0.0,0.31,0.31,0.0,0.31,Matches,hr Croatia,5.0
Mario Pašalić,FW,28.0,,2,313.0,3.5,2.0,1.0,3.0,2.0,0.0,0.0,0.0,0.0,0.58,0.29,0.86,0.58,0.86,Matches,hr Croatia,8.0
Petar Musa,FW,25.0,,2,183.0,2.0,0.0,0.0,0.0,0.0,0.0,0.0,0.0,0.0,0.0,0.0,0.0,0.0,0.0,Matches,hr Croatia,6.0
Bruno Petković,FW,29.0,,2,177.0,2.0,2.0,0.0,2.0,2.0,0.0,0.0,1.0,0.0,1.02,0.0,1.02,1.02,1.02,Matches,hr Croatia,3.0
Ante Budimir,FW,32.0,,2,173.0,1.9,1.0,0.0,1.0,1.0,0.0,0.0,0.0,0.0,0.52,0.0,0.52,0.52,0.52,Matches,hr Croatia,2.0
Josip Brekalo,FW,25.0,,2,107.0,1.2,0.0,0.0,0.0,0.0,0.0,0.0,0.0,0.0,0.0,0.0,0.0,0.0,0.0,Matches,hr Croatia,2.0
Domagoj Vida,DF,34.0,,1,135.0,1.5,0.0,0.0,0.0,0.0,0.0,0.0,1.0,0.0,0.0,0.0,0.0,0.0,0.0,Matches,hr Croatia,2.0
Martin Erlic,DF,26.0,,1,90.0,1.0,0.0,0.0,0.0,0.0,0.0,0.0,0.0,0.0,0.0,0.0,0.0,0.0,0.0,Matches,hr Croatia,1.0
Marko Livaja,FW,30.0,,1,52.0,0.6,0.0,0.0,0.0,0.0,0.0,0.0,0.0,0.0,0.0,0.0,0.0,0.0,0.0,Matches,hr Croatia,1.0
Nikola Vlašić,"FW,MF",26.0,,0,73.0,0.8,0.0,0.0,0.0,0.0,0.0,0.0,0.0,0.0,0.0,0.0,0.0,0.0,0.0,Matches,hr Croatia,3.0
Dion Drena Beljo,FW,21.0,,0,56.0,0.6,0.0,0.0,0.0,0.0,0.0,0.0,0.0,0.0,0.0,0.0,0.0,0.0,0.0,Matches,hr Croatia,2.0
Marco Pašalić,MF,23.0,,0,33.0,0.4,0.0,0.0,0.0,0.0,0.0,0.0,0.0,0.0,0.0,0.0,0.0,0.0,0.0,Matches,hr Croatia,2.0
Martin Baturina,MF,20.0,,0,12.0,0.1,0.0,0.0,0.0,0.0,0.0,0.0,0.0,0.0,0.0,0.0,0.0,0.0,0.0,Matches,hr Croatia,2.0
Luka Sučić,MF,21.0,,0,7.0,0.1,0.0,0.0,0.0,0.0,0.0,0.0,0.0,0.0,0.0,0.0,0.0,0.0,0.0,Matches,hr Croatia,1.0
Matija Frigan,FW,20.0,,0,,,,,,,,,,,,,,,,Matches,hr Croatia,0.0
Ivo Grbić,GK,28.0,,0,,,,,,,,,,,,,,,,Matches,hr Croatia,0.0
Ivica Ivušić,GK,28.0,,0,,,,,,,,,,,,,,,,Matches,hr Croatia,0.0
Nediljko Labrović,GK,24.0,,0,,,,,,,,,,,,,,,,Matches,hr Croatia,0.0
Nikola Moro,MF,25.0,,0,,,,,,,,,,,,,,,,Matches,hr Croatia,0.0
Mislav Oršić,"FW,MF",31.0,,0,,,,,,,,,,,,,,,,Matches,hr Croatia,0.0
Marko Pjaca,"FW,MF",28.0,,0,,,,,,,,,,,,,,,,Matches,hr Croatia,0.0
Marin Pongračić,DF,26.0,,0,,,,,,,,,,,,,,,,Matches,hr Croatia,0.0
Squad Total,,28.9,,88,720.0,8.0,13.0,8.0,21.0,13.0,0.0,0.0,11.0,0.0,1.62,1.0,2.62,1.62,2.62,,hr Croatia,8.0
Opponent Total,,26.6,,88,720.0,8.0,4.0,4.0,8.0,4.0,0.0,0.0,11.0,0.0,0.5,0.5,1.0,0.5,1.0,,hr Croatia,8.0
Dénes Dibusz,GK,33.0,,8,720.0,8.0,0.0,0.0,0.0,0.0,0.0,0.0,1.0,0.0,0.0,0.0,0.0,0.0,0.0,Matches,hu Hungary,8.0
Attila Szalai,DF,26.0,,8,720.0,8.0,0.0,1.0,1.0,0.0,0.0,0.0,1.0,0.0,0.0,0.12,0.12,0.0,0.12,Matches,hu Hungary,8.0
Dominik Szoboszlai,MF,23.0,,8,720.0,8.0,4.0,3.0,7.0,3.0,1.0,1.0,3.0,0.0,0.5,0.37,0.87,0.37,0.75,Matches,hu Hungary,8.0
Ádám Nagy,MF,28.0,,8,687.0,7.6,1.0,1.0,2.0,1.0,0.0,0.0,0.0,0.0,0.13,0.13,0.26,0.13,0.26,Matches,hu Hungary,8.0
Ádám Lang,DF,31.0,,7,642.0,7.1,0.0,1.0,1.0,0.0,0.0,0.0,0.0,0.0,0.0,0.14,0.14,0.0,0.14,Matches,hu Hungary,8.0
Milos Kerkez,MF,20.0,,7,518.0,5.8,0.0,0.0,0.0,0.0,0.0,0.0,2.0,1.0,0.0,0.0,0.0,0.0,0.0,Matches,hu Hungary,7.0
Callum Styles,MF,23.0,,6,480.0,5.3,0.0,0.0,0.0,0.0,0.0,0.0,0.0,0.0,0.0,0.0,0.0,0.0,0.0,Matches,hu Hungary,7.0
Roland Sallai,MF,26.0,,6,469.0,5.2,2.0,1.0,3.0,2.0,0.0,0.0,1.0,0.0,0.38,0.19,0.58,0.38,0.58,Matches,hu Hungary,6.0
Barnabás Varga,FW,30.0,,4,371.0,4.1,4.0,0.0,4.0,4.0,0.0,0.0,2.0,0.0,0.97,0.0,0.97,0.97,0.97,Matches,hu Hungary,6.0
Willi Orban,DF,31.0,,4,360.0,4.0,1.0,0.0,1.0,1.0,0.0,0.0,1.0,0.0,0.25,0.0,0.25,0.25,0.25,Matches,hu Hungary,4.0
Loïc Nego,MF,33.0,,4,343.0,3.8,0.0,2.0,2.0,0.0,0.0,0.0,0.0,0.0,0.0,0.52,0.52,0.0,0.52,Matches,hu Hungary,6.0
Ádám Martin,FW,29.0,,4,319.0,3.5,2.0,1.0,3.0,2.0,0.0,0.0,0.0,0.0,0.56,0.28,0.85,0.56,0.85,Matches,hu Hungary,8.0
Bendegúz Bolla,MF,24.0,,3,246.0,2.7,0.0,0.0,0.0,0.0,0.0,0.0,0.0,0.0,0.0,0.0,0.0,0.0,0.0,Matches,hu Hungary,5.0
Dániel Gazdag,MF,27.0,,3,178.0,2.0,0.0,0.0,0.0,0.0,0.0,0.0,1.0,0.0,0.0,0.0,0.0,0.0,0.0,Matches,hu Hungary,4.0
Endre Botka,DF,29.0,,2,191.0,2.1,0.0,0.0,0.0,0.0,0.0,0.0,2.0,0.0,0.0,0.0,0.0,0.0,0.0,Matches,hu Hungary,4.0
Attila Fiola,DF,33.0,,2,184.0,2.0,0.0,0.0,0.0,0.0,0.0,0.0,1.0,0.0,0.0,0.0,0.0,0.0,0.0,Matches,hu Hungary,3.0
Zsolt Nagy,MF,30.0,,1,167.0,1.9,0.0,0.0,0.0,0.0,0.0,0.0,1.0,0.0,0.0,0.0,0.0,0.0,0.0,Matches,hu Hungary,3.0
Kevin Csoboth,FW,23.0,,1,138.0,1.5,0.0,0.0,0.0,0.0,0.0,0.0,1.0,0.0,0.0,0.0,0.0,0.0,0.0,Matches,hu Hungary,5.0
Botond Balogh,DF,21.0,,1,90.0,1.0,0.0,0.0,0.0,0.0,0.0,0.0,0.0,0.0,0.0,0.0,0.0,0.0,0.0,Matches,hu Hungary,1.0
Bálint Vécsei,MF,30.0,,1,85.0,0.9,1.0,0.0,1.0,1.0,0.0,0.0,0.0,0.0,1.06,0.0,1.06,1.06,1.06,Matches,hu Hungary,1.0
Zsolt Kalmár,MF,28.0,,0,105.0,1.2,0.0,0.0,0.0,0.0,0.0,0.0,2.0,1.0,0.0,0.0,0.0,0.0,0.0,Matches,hu Hungary,5.0
László Kleinheisler,MF,29.0,,0,49.0,0.5,0.0,0.0,0.0,0.0,0.0,0.0,0.0,0.0,0.0,0.0,0.0,0.0,0.0,Matches,hu Hungary,2.0
Mihály Kata,MF,21.0,,0,30.0,0.3,0.0,0.0,0.0,0.0,0.0,0.0,0.0,0.0,0.0,0.0,0.0,0.0,0.0,Matches,hu Hungary,2.0
András Németh,FW,21.0,,0,30.0,0.3,0.0,0.0,0.0,0.0,0.0,0.0,0.0,0.0,0.0,0.0,0.0,0.0,0.0,Matches,hu Hungary,2.0
Krisztofer Horváth,MF,22.0,,0,27.0,0.3,0.0,0.0,0.0,0.0,0.0,0.0,0.0,0.0,0.0,0.0,0.0,0.0,0.0,Matches,hu Hungary,1.0
János Ferenczi,MF,32.0,,0,12.0,0.1,0.0,0.0,0.0,0.0,0.0,0.0,0.0,0.0,0.0,0.0,0.0,0.0,0.0,Matches,hu Hungary,1.0
Péter Baráth,FW,21.0,,0,3.0,0.0,0.0,0.0,0.0,0.0,0.0,0.0,0.0,0.0,0.0,0.0,0.0,0.0,0.0,Matches,hu Hungary,1.0
Soma Szuhodovszki,MF,24.0,,0,1.0,0.0,0.0,0.0,0.0,0.0,0.0,0.0,0.0,0.0,0.0,0.0,0.0,0.0,0.0,Matches,hu Hungary,1.0
Patrik Demjén,GK,25.0,,0,,,,,,,,,,,,,,,,Matches,hu Hungary,0.0
Péter Gulácsi,GK,33.0,,0,,,,,,,,,,,,,,,,Matches,hu Hungary,0.0
Krisztián Hegyi,GK,21.0,,0,,,,,,,,,,,,,,,,Matches,hu Hungary,0.0
Attila Mocsi,DF,23.0,,0,,,,,,,,,,,,,,,,Matches,hu Hungary,0.0
Gábor Szalai,DF,23.0,,0,,,,,,,,,,,,,,,,Matches,hu Hungary,0.0
Péter Szappanos,GK,33.0,,0,,,,,,,,,,,,,,,,Matches,hu Hungary,0.0
Squad Total,,27.8,,88,720.0,8.0,15.0,10.0,25.0,14.0,1.0,1.0,20.0,2.0,1.87,1.25,3.12,1.75,3.0,,hu Hungary,8.0
Opponent Total,,27.6,,88,720.0,8.0,6.0,5.0,11.0,5.0,1.0,1.0,24.0,1.0,0.75,0.62,1.37,0.62,1.25,,hu Hungary,8.0
Gianluigi Donnarumma,GK,24.0,8.0,8,720.0,8.0,0.0,0.0,0.0,0.0,0.0,0.0,0.0,0.0,0.0,0.0,0.0,0.0,0.0,Matches,it Italy,
Nicolò Barella,MF,26.0,7.0,7,568.0,6.3,0.0,3.0,3.0,0.0,0.0,0.0,0.0,0.0,0.0,0.48,0.48,0.0,0.48,Matches,it Italy,
Giovanni Di Lorenzo,DF,30.0,6.0,6,495.0,5.5,0.0,1.0,1.0,0.0,0.0,0.0,3.0,0.0,0.0,0.18,0.18,0.0,0.18,Matches,it Italy,
Federico Dimarco,DF,26.0,6.0,5,424.0,4.7,0.0,1.0,1.0,0.0,0.0,0.0,1.0,0.0,0.0,0.21,0.21,0.0,0.21,Matches,it Italy,
Francesco Acerbi,DF,35.0,4.0,4,332.0,3.7,0.0,0.0,0.0,0.0,0.0,0.0,2.0,0.0,0.0,0.0,0.0,0.0,0.0,Matches,it Italy,
Giacomo Raspadori,FW,23.0,6.0,4,310.0,3.4,1.0,1.0,2.0,1.0,0.0,0.0,0.0,0.0,0.29,0.29,0.58,0.29,0.58,Matches,it Italy,
Domenico Berardi,FW,29.0,4.0,4,277.0,3.1,2.0,1.0,3.0,2.0,0.0,0.0,0.0,0.0,0.65,0.32,0.97,0.65,0.97,Matches,it Italy,
Bryan Cristante,MF,28.0,7.0,3,355.0,3.9,0.0,0.0,0.0,0.0,0.0,0.0,0.0,0.0,0.0,0.0,0.0,0.0,0.0,Matches,it Italy,
Davide Frattesi,MF,24.0,5.0,3,325.0,3.6,3.0,0.0,3.0,3.0,0.0,0.0,0.0,0.0,0.83,0.0,0.83,0.83,0.83,Matches,it Italy,
Alessandro Bastoni,DF,24.0,4.0,3,298.0,3.3,0.0,0.0,0.0,0.0,0.0,0.0,0.0,0.0,0.0,0.0,0.0,0.0,0.0,Matches,it Italy,
Giorgio Scalvini,DF,20.0,4.0,3,294.0,3.3,0.0,0.0,0.0,0.0,0.0,0.0,2.0,0.0,0.0,0.0,0.0,0.0,0.0,Matches,it Italy,
Jorginho,MF,32.0,3.0,3,199.0,2.2,0.0,0.0,0.0,0.0,0.0,1.0,1.0,0.0,0.0,0.0,0.0,0.0,0.0,Matches,it Italy,
Matteo Darmian,DF,34.0,4.0,2,226.0,2.5,1.0,0.0,1.0,1.0,0.0,0.0,0.0,0.0,0.4,0.0,0.4,0.4,0.4,Matches,it Italy,
Nicolò Zaniolo,FW,24.0,4.0,2,215.0,2.4,0.0,0.0,0.0,0.0,0.0,0.0,2.0,0.0,0.0,0.0,0.0,0.0,0.0,Matches,it Italy,
Matteo Politano,FW,30.0,4.0,2,183.0,2.0,0.0,0.0,0.0,0.0,0.0,0.0,0.0,0.0,0.0,0.0,0.0,0.0,0.0,Matches,it Italy,
Manuel Locatelli,MF,26.0,2.0,2,180.0,2.0,0.0,0.0,0.0,0.0,0.0,0.0,0.0,0.0,0.0,0.0,0.0,0.0,0.0,Matches,it Italy,
Sandro Tonali,MF,23.0,3.0,2,175.0,1.9,0.0,2.0,2.0,0.0,0.0,0.0,1.0,0.0,0.0,1.03,1.03,0.0,1.03,Matches,it Italy,
Mateo Retegui,FW,24.0,3.0,2,174.0,1.9,2.0,0.0,2.0,2.0,0.0,0.0,0.0,0.0,1.03,0.0,1.03,1.03,1.03,Matches,it Italy,
Gianluca Mancini,DF,27.0,2.0,2,148.0,1.6,0.0,0.0,0.0,0.0,0.0,0.0,0.0,0.0,0.0,0.0,0.0,0.0,0.0,Matches,it Italy,
Giacomo Bonaventura,MF,34.0,2.0,2,147.0,1.6,1.0,0.0,1.0,1.0,0.0,0.0,0.0,0.0,0.61,0.0,0.61,0.61,0.61,Matches,it Italy,
Federico Chiesa,FW,26.0,2.0,2,141.0,1.6,2.0,0.0,2.0,2.0,0.0,0.0,0.0,0.0,1.28,0.0,1.28,1.28,1.28,Matches,it Italy,
Mattia Zaccagni,FW,28.0,2.0,2,138.0,1.5,0.0,1.0,1.0,0.0,0.0,0.0,0.0,0.0,0.0,0.65,0.65,0.0,0.65,Matches,it Italy,
Gianluca Scamacca,FW,25.0,6.0,1,148.0,1.6,1.0,0.0,1.0,1.0,0.0,0.0,0.0,0.0,0.61,0.0,0.61,0.61,0.61,Matches,it Italy,
Moise Kean,FW,23.0,3.0,1,116.0,1.3,0.0,2.0,2.0,0.0,0.0,0.0,0.0,0.0,0.0,1.55,1.55,0.0,1.55,Matches,it Italy,
Marco Verratti,MF,31.0,2.0,1,112.0,1.2,0.0,0.0,0.0,0.0,0.0,0.0,0.0,0.0,0.0,0.0,0.0,0.0,0.0,Matches,it Italy,
Stephan El Shaarawy,FW,31.0,2.0,1,101.0,1.1,1.0,0.0,1.0,1.0,0.0,0.0,0.0,0.0,0.89,0.0,0.89,0.89,0.89,Matches,it Italy,
Rafael Tolói,DF,33.0,2.0,1,98.0,1.1,0.0,0.0,0.0,0.0,0.0,0.0,0.0,0.0,0.0,0.0,0.0,0.0,0.0,Matches,it Italy,
Alessandro Buongiorno,DF,24.0,1.0,1,90.0,1.0,0.0,0.0,0.0,0.0,0.0,0.0,1.0,0.0,0.0,0.0,0.0,0.0,0.0,Matches,it Italy,
Federico Gatti,DF,25.0,1.0,1,90.0,1.0,0.0,0.0,0.0,0.0,0.0,0.0,0.0,0.0,0.0,0.0,0.0,0.0,0.0,Matches,it Italy,
Ciro Immobile,FW,33.0,1.0,1,90.0,1.0,1.0,0.0,1.0,1.0,0.0,0.0,0.0,0.0,1.0,0.0,1.0,1.0,1.0,Matches,it Italy,
Emerson Palmieri,DF,29.0,1.0,1,90.0,1.0,0.0,0.0,0.0,0.0,0.0,0.0,0.0,0.0,0.0,0.0,0.0,0.0,0.0,Matches,it Italy,
Matteo Pessina,MF,26.0,1.0,1,90.0,1.0,1.0,0.0,1.0,1.0,0.0,0.0,0.0,0.0,1.0,0.0,1.0,1.0,1.0,Matches,it Italy,
Alessio Romagnoli,DF,29.0,1.0,1,90.0,1.0,0.0,0.0,0.0,0.0,0.0,0.0,0.0,0.0,0.0,0.0,0.0,0.0,0.0,Matches,it Italy,
Leonardo Spinazzola,DF,30.0,1.0,1,90.0,1.0,0.0,0.0,0.0,0.0,0.0,0.0,0.0,0.0,0.0,0.0,0.0,0.0,0.0,Matches,it Italy,
Wilfried Gnonto,FW,20.0,4.0,1,85.0,0.9,0.0,0.0,0.0,0.0,0.0,0.0,0.0,0.0,0.0,0.0,0.0,0.0,0.0,Matches,it Italy,
Destiny Udogie,DF,21.0,2.0,1,74.0,0.8,0.0,0.0,0.0,0.0,0.0,0.0,1.0,0.0,0.0,0.0,0.0,0.0,0.0,Matches,it Italy,
Lorenzo Pellegrini,FW,27.0,1.0,1,68.0,0.8,0.0,1.0,1.0,0.0,0.0,0.0,0.0,0.0,0.0,1.32,1.32,0.0,1.32,Matches,it Italy,
Vincenzo Grifo,"FW,MF",30.0,1.0,0,69.0,0.8,0.0,0.0,0.0,0.0,0.0,0.0,0.0,0.0,0.0,0.0,0.0,0.0,0.0,Matches,it Italy,
Riccardo Orsolini,"FW,MF",27.0,3.0,0,49.0,0.5,0.0,0.0,0.0,0.0,0.0,0.0,0.0,0.0,0.0,0.0,0.0,0.0,0.0,Matches,it Italy,
Cristiano Biraghi,"DF,MF",31.0,3.0,0,46.0,0.5,0.0,0.0,0.0,0.0,0.0,0.0,0.0,0.0,0.0,0.0,0.0,0.0,0.0,Matches,it Italy,
Andrea Cambiaso,"DF,MF",23.0,0.0,0,,,,,,,,,,,,,,,,Matches,it Italy,
Marco Carnesecchi,GK,23.0,0.0,0,,,,,,,,,,,,,,,,Matches,it Italy,
Nicolò Casale,DF,25.0,0.0,0,,,,,,,,,,,,,,,,Matches,it Italy,
Wladimiro Falcone,GK,28.0,0.0,0,,,,,,,,,,,,,,,,Matches,it Italy,
Manuel Lazzari,"DF,MF",30.0,0.0,0,,,,,,,,,,,,,,,,Matches,it Italy,
Alex Meret,GK,26.0,0.0,0,,,,,,,,,,,,,,,,Matches,it Italy,
Ivan Provedel,GK,29.0,0.0,0,,,,,,,,,,,,,,,,Matches,it Italy,
Guglielmo Vicario,GK,27.0,0.0,0,,,,,,,,,,,,,,,,Matches,it Italy,
Squad Total,,27.5,8.0,88,720.0,8.0,16.0,13.0,29.0,16.0,0.0,1.0,14.0,0.0,2.0,1.62,3.62,2.0,3.62,,it Italy,
Opponent Total,,27.6,8.0,88,720.0,8.0,9.0,2.0,11.0,7.0,2.0,2.0,20.0,1.0,1.13,0.25,1.37,0.87,1.13,,it Italy,
Virgil van Dijk,DF,32.0,8.0,8,675.0,7.5,1.0,0.0,1.0,0.0,1.0,1.0,1.0,0.0,0.13,0.0,0.13,0.0,0.0,Matches,nl Netherlands,
Xavi Simons,"MF,FW",20.0,8.0,7,582.0,6.5,0.0,0.0,0.0,0.0,0.0,0.0,1.0,0.0,0.0,0.0,0.0,0.0,0.0,Matches,nl Netherlands,
Wout Weghorst,FW,31.0,8.0,6,516.0,5.7,3.0,0.0,3.0,3.0,0.0,1.0,1.0,0.0,0.52,0.0,0.52,0.52,0.52,Matches,nl Netherlands,
Denzel Dumfries,"MF,DF",27.0,6.0,6,505.0,5.6,0.0,5.0,5.0,0.0,0.0,0.0,1.0,0.0,0.0,0.89,0.89,0.0,0.89,Matches,nl Netherlands,
Nathan Aké,DF,28.0,6.0,6,484.0,5.4,2.0,0.0,2.0,2.0,0.0,0.0,1.0,0.0,0.37,0.0,0.37,0.37,0.37,Matches,nl Netherlands,
Bart Verbruggen,GK,21.0,4.0,4,360.0,4.0,0.0,0.0,0.0,0.0,0.0,0.0,0.0,0.0,0.0,0.0,0.0,0.0,0.0,Matches,nl Netherlands,
Mats Wieffer,MF,24.0,5.0,4,322.0,3.6,1.0,0.0,1.0,1.0,0.0,0.0,1.0,0.0,0.28,0.0,0.28,0.28,0.28,Matches,nl Netherlands,
Quilindschy Hartman,"DF,MF",22.0,4.0,4,315.0,3.5,1.0,1.0,2.0,1.0,0.0,0.0,0.0,0.0,0.29,0.29,0.57,0.29,0.57,Matches,nl Netherlands,
Lutsharel Geertruida,DF,23.0,4.0,4,311.0,3.5,0.0,0.0,0.0,0.0,0.0,0.0,2.0,0.0,0.0,0.0,0.0,0.0,0.0,Matches,nl Netherlands,
Tijjani Reijnders,MF,25.0,6.0,3,385.0,4.3,0.0,0.0,0.0,0.0,0.0,0.0,0.0,0.0,0.0,0.0,0.0,0.0,0.0,Matches,nl Netherlands,
Daley Blind,"MF,DF",33.0,5.0,3,277.0,3.1,0.0,1.0,1.0,0.0,0.0,0.0,1.0,0.0,0.0,0.32,0.32,0.0,0.32,Matches,nl Netherlands,
Cody Gakpo,"MF,FW",24.0,5.0,3,271.0,3.0,3.0,0.0,3.0,2.0,1.0,1.0,1.0,0.0,1.0,0.0,1.0,0.66,0.66,Matches,nl Netherlands,
Marten de Roon,MF,32.0,5.0,3,186.0,2.1,1.0,0.0,1.0,1.0,0.0,0.0,0.0,0.0,0.48,0.0,0.48,0.48,0.48,Matches,nl Netherlands,
Donyell Malen,FW,25.0,7.0,2,321.0,3.6,0.0,1.0,1.0,0.0,0.0,0.0,0.0,0.0,0.0,0.28,0.28,0.0,0.28,Matches,nl Netherlands,
Stefan de Vrij,DF,31.0,3.0,2,225.0,2.5,0.0,1.0,1.0,0.0,0.0,0.0,0.0,0.0,0.0,0.4,0.4,0.0,0.4,Matches,nl Netherlands,
Joey Veerman,MF,25.0,5.0,2,200.0,2.2,0.0,2.0,2.0,0.0,0.0,0.0,1.0,0.0,0.0,0.9,0.9,0.0,0.9,Matches,nl Netherlands,
Jasper Cillessen,GK,34.0,2.0,2,180.0,2.0,0.0,0.0,0.0,0.0,0.0,0.0,0.0,0.0,0.0,0.0,0.0,0.0,0.0,Matches,nl Netherlands,
Mark Flekken,GK,30.0,2.0,2,180.0,2.0,0.0,0.0,0.0,0.0,0.0,0.0,0.0,0.0,0.0,0.0,0.0,0.0,0.0,Matches,nl Netherlands,
Matthijs de Ligt,DF,24.0,3.0,2,171.0,1.9,0.0,0.0,0.0,0.0,0.0,0.0,0.0,0.0,0.0,0.0,0.0,0.0,0.0,Matches,nl Netherlands,
Frenkie de Jong,MF,26.0,2.0,2,166.0,1.8,0.0,0.0,0.0,0.0,0.0,0.0,0.0,0.0,0.0,0.0,0.0,0.0,0.0,Matches,nl Netherlands,
Memphis,"MF,FW",29.0,2.0,2,152.0,1.7,1.0,0.0,1.0,1.0,0.0,1.0,0.0,0.0,0.59,0.0,0.59,0.59,0.59,Matches,nl Netherlands,
Georginio Wijnaldum,MF,33.0,2.0,2,135.0,1.5,0.0,0.0,0.0,0.0,0.0,0.0,0.0,0.0,0.0,0.0,0.0,0.0,0.0,Matches,nl Netherlands,
Steven Berghuis,FW,32.0,3.0,2,112.0,1.2,0.0,0.0,0.0,0.0,0.0,0.0,0.0,0.0,0.0,0.0,0.0,0.0,0.0,Matches,nl Netherlands,
Teun Koopmeiners,MF,25.0,3.0,1,114.0,1.3,1.0,0.0,1.0,1.0,0.0,0.0,0.0,0.0,0.79,0.0,0.79,0.79,0.79,Matches,nl Netherlands,
Steven Bergwijn,MF,26.0,2.0,1,101.0,1.1,0.0,1.0,1.0,0.0,0.0,0.0,0.0,0.0,0.0,0.89,0.89,0.0,0.89,Matches,nl Netherlands,
Calvin Stengs,FW,25.0,1.0,1,90.0,1.0,3.0,0.0,3.0,3.0,0.0,0.0,0.0,0.0,3.0,0.0,3.0,3.0,3.0,Matches,nl Netherlands,
Jordan Teze,DF,24.0,1.0,1,90.0,1.0,0.0,1.0,1.0,0.0,0.0,0.0,1.0,0.0,0.0,1.0,1.0,0.0,1.0,Matches,nl Netherlands,
Jurriën Timber,DF,22.0,1.0,1,90.0,1.0,0.0,0.0,0.0,0.0,0.0,0.0,0.0,0.0,0.0,0.0,0.0,0.0,0.0,Matches,nl Netherlands,
Jerdy Schouten,MF,27.0,1.0,1,89.0,1.0,0.0,0.0,0.0,0.0,0.0,0.0,0.0,0.0,0.0,0.0,0.0,0.0,0.0,Matches,nl Netherlands,
Kenneth Taylor,MF,21.0,1.0,1,32.0,0.4,0.0,0.0,0.0,0.0,0.0,0.0,0.0,0.0,0.0,0.0,0.0,0.0,0.0,Matches,nl Netherlands,
Davy Klaassen,MF,30.0,2.0,0,52.0,0.6,0.0,0.0,0.0,0.0,0.0,0.0,0.0,0.0,0.0,0.0,0.0,0.0,0.0,Matches,nl Netherlands,
Thijs Dallinga,FW,23.0,1.0,0,45.0,0.5,0.0,0.0,0.0,0.0,0.0,0.0,0.0,0.0,0.0,0.0,0.0,0.0,0.0,Matches,nl Netherlands,
Jorrel Hato,DF,17.0,1.0,0,45.0,0.5,0.0,1.0,1.0,0.0,0.0,0.0,0.0,0.0,0.0,2.0,2.0,0.0,2.0,Matches,nl Netherlands,
Noa Lang,"FW,MF",24.0,2.0,0,36.0,0.4,0.0,0.0,0.0,0.0,0.0,0.0,0.0,0.0,0.0,0.0,0.0,0.0,0.0,Matches,nl Netherlands,
Brian Brobbey,FW,21.0,1.0,0,29.0,0.3,0.0,0.0,0.0,0.0,0.0,0.0,0.0,0.0,0.0,0.0,0.0,0.0,0.0,Matches,nl Netherlands,
Jeremie Frimpong,"DF,MF",23.0,1.0,0,29.0,0.3,0.0,0.0,0.0,0.0,0.0,0.0,0.0,0.0,0.0,0.0,0.0,0.0,0.0,Matches,nl Netherlands,
Micky van de Ven,DF,22.0,2.0,0,28.0,0.3,0.0,0.0,0.0,0.0,0.0,0.0,0.0,0.0,0.0,0.0,0.0,0.0,0.0,Matches,nl Netherlands,
Tyrell Malacia,DF,24.0,2.0,0,19.0,0.2,0.0,0.0,0.0,0.0,0.0,0.0,0.0,0.0,0.0,0.0,0.0,0.0,0.0,Matches,nl Netherlands,
Justin Bijlow,GK,26.0,0.0,0,,,,,,,,,,,,,,,,Matches,nl Netherlands,
Ryan Gravenberch,MF,21.0,0.0,0,,,,,,,,,,,,,,,,Matches,nl Netherlands,
Ian Maatsen,"DF,MF",21.0,0.0,0,,,,,,,,,,,,,,,,Matches,nl Netherlands,
Andries Noppert,GK,29.0,0.0,0,,,,,,,,,,,,,,,,Matches,nl Netherlands,
Nick Olij,GK,28.0,0.0,0,,,,,,,,,,,,,,,,Matches,nl Netherlands,
Kjell Scherpen,GK,24.0,0.0,0,,,,,,,,,,,,,,,,Matches,nl Netherlands,
Squad Total,,27.2,8.0,88,720.0,8.0,17.0,14.0,31.0,15.0,2.0,4.0,12.0,0.0,2.12,1.75,3.87,1.87,3.62,,nl Netherlands,
Opponent Total,,28.0,8.0,88,720.0,8.0,7.0,4.0,11.0,6.0,1.0,1.0,20.0,1.0,0.87,0.5,1.37,0.75,1.25,,nl Netherlands,
Jakub Kiwior,DF,23.0,,10,930.0,10.3,0.0,0.0,0.0,0.0,0.0,0.0,0.0,0.0,0.0,0.0,0.0,0.0,0.0,Matches,pl Poland,10.0
Wojciech Szczęsny,GK,33.0,,10,930.0,10.3,0.0,0.0,0.0,0.0,0.0,0.0,0.0,0.0,0.0,0.0,0.0,0.0,0.0,Matches,pl Poland,10.0
Piotr Zieliński,MF,29.0,,9,797.0,8.9,1.0,2.0,3.0,1.0,0.0,0.0,0.0,0.0,0.11,0.23,0.34,0.11,0.34,Matches,pl Poland,9.0
Robert Lewandowski,FW,35.0,,8,750.0,8.3,3.0,2.0,5.0,2.0,1.0,1.0,0.0,0.0,0.36,0.24,0.6,0.24,0.48,Matches,pl Poland,8.0
Przemysław Frankowski,"MF,DF",28.0,,8,678.0,7.5,1.0,1.0,2.0,1.0,0.0,0.0,1.0,0.0,0.13,0.13,0.27,0.13,0.27,Matches,pl Poland,8.0
Jan Bednarek,DF,27.0,,8,652.0,7.2,0.0,0.0,0.0,0.0,0.0,0.0,1.0,0.0,0.0,0.0,0.0,0.0,0.0,Matches,pl Poland,8.0
Karol Świderski,FW,27.0,,5,528.0,5.9,2.0,1.0,3.0,2.0,0.0,0.0,0.0,0.0,0.34,0.17,0.51,0.34,0.51,Matches,pl Poland,10.0
Nicola Zalewski,"MF,DF",22.0,,5,457.0,5.1,0.0,1.0,1.0,0.0,0.0,0.0,1.0,0.0,0.0,0.2,0.2,0.0,0.2,Matches,pl Poland,6.0
Tomasz Kędziora,DF,29.0,,5,443.0,4.9,0.0,0.0,0.0,0.0,0.0,0.0,1.0,0.0,0.0,0.0,0.0,0.0,0.0,Matches,pl Poland,5.0
Sebastian Szymański,MF,24.0,,5,420.0,4.7,2.0,0.0,2.0,2.0,0.0,0.0,0.0,0.0,0.43,0.0,0.43,0.43,0.43,Matches,pl Poland,10.0
Bartosz Slisz,MF,24.0,,4,435.0,4.8,0.0,0.0,0.0,0.0,0.0,0.0,1.0,0.0,0.0,0.0,0.0,0.0,0.0,Matches,pl Poland,5.0
Arkadiusz Milik,FW,29.0,,4,259.0,2.9,1.0,1.0,2.0,1.0,0.0,0.0,1.0,0.0,0.35,0.35,0.69,0.35,0.69,Matches,pl Poland,4.0
Jakub Kamiński,MF,21.0,,3,283.0,3.1,0.0,1.0,1.0,0.0,0.0,0.0,1.0,0.0,0.0,0.32,0.32,0.0,0.32,Matches,pl Poland,5.0
Jakub Piotrowski,MF,26.0,,3,275.0,3.1,2.0,1.0,3.0,2.0,0.0,0.0,2.0,0.0,0.65,0.33,0.98,0.65,0.98,Matches,pl Poland,4.0
Matty Cash,"MF,DF",26.0,,3,166.0,1.8,0.0,0.0,0.0,0.0,0.0,0.0,1.0,0.0,0.0,0.0,0.0,0.0,0.0,Matches,pl Poland,4.0
Paweł Dawidowicz,DF,28.0,,2,210.0,2.3,0.0,0.0,0.0,0.0,0.0,0.0,0.0,0.0,0.0,0.0,0.0,0.0,0.0,Matches,pl Poland,2.0
Patryk Peda,DF,21.0,,2,208.0,2.3,0.0,0.0,0.0,0.0,0.0,0.0,0.0,0.0,0.0,0.0,0.0,0.0,0.0,Matches,pl Poland,3.0
Damian Szymański,MF,28.0,,2,194.0,2.2,1.0,0.0,1.0,1.0,0.0,0.0,1.0,0.0,0.46,0.0,0.46,0.46,0.46,Matches,pl Poland,5.0
Karol Linetty,MF,28.0,,2,180.0,2.0,0.0,0.0,0.0,0.0,0.0,0.0,1.0,0.0,0.0,0.0,0.0,0.0,0.0,Matches,pl Poland,4.0
Bartosz Bereszyński,DF,31.0,,2,155.0,1.7,0.0,0.0,0.0,0.0,0.0,0.0,1.0,0.0,0.0,0.0,0.0,0.0,0.0,Matches,pl Poland,3.0
Grzegorz Krychowiak,MF,34.0,,2,149.0,1.7,0.0,0.0,0.0,0.0,0.0,0.0,2.0,0.0,0.0,0.0,0.0,0.0,0.0,Matches,pl Poland,2.0
Patryk Dziczek,MF,25.0,,2,126.0,1.4,0.0,0.0,0.0,0.0,0.0,0.0,0.0,0.0,0.0,0.0,0.0,0.0,0.0,Matches,pl Poland,2.0
Paweł Wszołek,MF,31.0,,1,148.0,1.6,0.0,0.0,0.0,0.0,0.0,0.0,1.0,0.0,0.0,0.0,0.0,0.0,0.0,Matches,pl Poland,3.0
Michał Skóraś,MF,23.0,,1,133.0,1.5,0.0,1.0,1.0,0.0,0.0,0.0,0.0,0.0,0.0,0.68,0.68,0.0,0.68,Matches,pl Poland,4.0
Bartosz Salamon,DF,32.0,,1,131.0,1.5,0.0,0.0,0.0,0.0,0.0,0.0,1.0,0.0,0.0,0.0,0.0,0.0,0.0,Matches,pl Poland,2.0
Paweł Bochniewicz,DF,28.0,,1,57.0,0.6,0.0,0.0,0.0,0.0,0.0,0.0,1.0,0.0,0.0,0.0,0.0,0.0,0.0,Matches,pl Poland,1.0
Krystian Bielik,MF,26.0,,1,45.0,0.5,0.0,0.0,0.0,0.0,0.0,0.0,0.0,0.0,0.0,0.0,0.0,0.0,0.0,Matches,pl Poland,1.0
Michał Karbownik,DF,22.0,,1,45.0,0.5,0.0,0.0,0.0,0.0,0.0,0.0,0.0,0.0,0.0,0.0,0.0,0.0,0.0,Matches,pl Poland,1.0
Adam Buksa,FW,27.0,,0,116.0,1.3,1.0,0.0,1.0,1.0,0.0,0.0,0.0,0.0,0.78,0.0,0.78,0.78,0.78,Matches,pl Poland,4.0
Robert Gumny,DF,25.0,,0,82.0,0.9,0.0,0.0,0.0,0.0,0.0,0.0,0.0,0.0,0.0,0.0,0.0,0.0,0.0,Matches,pl Poland,1.0
Kamil Grosicki,"FW,MF",35.0,,0,57.0,0.6,0.0,0.0,0.0,0.0,0.0,0.0,0.0,0.0,0.0,0.0,0.0,0.0,0.0,Matches,pl Poland,4.0
Mateusz Wieteska,DF,26.0,,0,57.0,0.6,0.0,0.0,0.0,0.0,0.0,0.0,1.0,0.0,0.0,0.0,0.0,0.0,0.0,Matches,pl Poland,1.0
Krzysztof Piątek,FW,28.0,,0,41.0,0.5,0.0,0.0,0.0,0.0,0.0,0.0,0.0,0.0,0.0,0.0,0.0,0.0,0.0,Matches,pl Poland,1.0
Tymoteusz Puchacz,"DF,MF",25.0,,0,35.0,0.4,0.0,0.0,0.0,0.0,0.0,0.0,1.0,0.0,0.0,0.0,0.0,0.0,0.0,Matches,pl Poland,1.0
Filip Marchwiński,MF,22.0,,0,24.0,0.3,0.0,0.0,0.0,0.0,0.0,0.0,0.0,0.0,0.0,0.0,0.0,0.0,0.0,Matches,pl Poland,2.0
Jakub Moder,MF,24.0,,0,18.0,0.2,0.0,0.0,0.0,0.0,0.0,0.0,0.0,0.0,0.0,0.0,0.0,0.0,0.0,Matches,pl Poland,1.0
Taras Romanchuk,MF,32.0,,0,16.0,0.2,0.0,0.0,0.0,0.0,0.0,0.0,0.0,0.0,0.0,0.0,0.0,0.0,0.0,Matches,pl Poland,1.0
Adrian Benedyczak,"FW,MF",23.0,,0,,,,,,,,,,,,,,,,Matches,pl Poland,0.0
Marcin Bułka,GK,24.0,,0,,,,,,,,,,,,,,,,Matches,pl Poland,0.0
Bartłomiej Drągowski,GK,26.0,,0,,,,,,,,,,,,,,,,Matches,pl Poland,0.0
Kacper Kozłowski,"FW,MF",20.0,,0,,,,,,,,,,,,,,,,Matches,pl Poland,0.0
Ben Lederman,MF,23.0,,0,,,,,,,,,,,,,,,,Matches,pl Poland,0.0
Łukasz Skorupski,GK,32.0,,0,,,,,,,,,,,,,,,,Matches,pl Poland,0.0
Sebastian Walukiewicz,DF,23.0,,0,,,,,,,,,,,,,,,,Matches,pl Poland,0.0
Bartłomiej Wdowik,"DF,MF",23.0,,0,,,,,,,,,,,,,,,,Matches,pl Poland,0.0
Mateusz Łęgowski,MF,21.0,,0,,,,,,,,,,,,,,,,Matches,pl Poland,0.0
Squad Total,,28.2,,110,930.0,10.3,14.0,11.0,25.0,13.0,1.0,1.0,20.0,0.0,1.35,1.06,2.42,1.26,2.32,,pl Poland,10.0
Opponent Total,,27.7,,110,930.0,10.3,11.0,8.0,19.0,11.0,0.0,0.0,30.0,3.0,1.06,0.77,1.84,1.06,1.84,,pl Poland,10.0
Bruno Fernandes,MF,29.0,10.0,10,839.0,9.3,6.0,8.0,14.0,6.0,0.0,0.0,1.0,0.0,0.64,0.86,1.5,0.64,1.5,Matches,pt Portugal,
Rúben Dias,DF,26.0,9.0,9,810.0,9.0,0.0,0.0,0.0,0.0,0.0,0.0,0.0,0.0,0.0,0.0,0.0,0.0,0.0,Matches,pt Portugal,
Cristiano Ronaldo,"FW,MF",38.0,9.0,9,721.0,8.0,10.0,1.0,11.0,7.0,3.0,3.0,3.0,0.0,1.25,0.12,1.37,0.87,1.0,Matches,pt Portugal,
Bernardo Silva,"MF,FW",29.0,9.0,9,670.0,7.4,3.0,4.0,7.0,3.0,0.0,0.0,1.0,0.0,0.4,0.54,0.94,0.4,0.94,Matches,pt Portugal,
João Cancelo,"DF,MF",29.0,9.0,8,690.0,7.7,3.0,0.0,3.0,3.0,0.0,0.0,0.0,0.0,0.39,0.0,0.39,0.39,0.39,Matches,pt Portugal,
Diogo Costa,GK,24.0,7.0,7,630.0,7.0,0.0,0.0,0.0,0.0,0.0,0.0,0.0,0.0,0.0,0.0,0.0,0.0,0.0,Matches,pt Portugal,
Diogo Dalot,"DF,MF",24.0,6.0,6,540.0,6.0,0.0,0.0,0.0,0.0,0.0,0.0,1.0,0.0,0.0,0.0,0.0,0.0,0.0,Matches,pt Portugal,
João Palhinha,MF,28.0,6.0,6,526.0,5.8,0.0,1.0,1.0,0.0,0.0,0.0,2.0,0.0,0.0,0.17,0.17,0.0,0.17,Matches,pt Portugal,
João Félix,"MF,FW",24.0,8.0,6,507.0,5.6,3.0,1.0,4.0,3.0,0.0,0.0,1.0,0.0,0.53,0.18,0.71,0.53,0.71,Matches,pt Portugal,
Danilo Pereira,"DF,MF",32.0,6.0,6,493.0,5.5,0.0,0.0,0.0,0.0,0.0,0.0,1.0,0.0,0.0,0.0,0.0,0.0,0.0,Matches,pt Portugal,
António Silva,DF,20.0,5.0,5,450.0,5.0,0.0,1.0,1.0,0.0,0.0,0.0,0.0,0.0,0.0,0.2,0.2,0.0,0.2,Matches,pt Portugal,
Rafael Leão,"MF,FW",24.0,7.0,5,395.0,4.4,1.0,2.0,3.0,1.0,0.0,1.0,0.0,0.0,0.23,0.46,0.68,0.23,0.68,Matches,pt Portugal,
Gonçalo Inácio,DF,22.0,5.0,4,384.0,4.3,2.0,2.0,4.0,2.0,0.0,0.0,0.0,0.0,0.47,0.47,0.94,0.47,0.94,Matches,pt Portugal,
Gonçalo Ramos,FW,22.0,5.0,3,276.0,3.1,3.0,0.0,3.0,3.0,0.0,0.0,0.0,0.0,0.98,0.0,0.98,0.98,0.98,Matches,pt Portugal,
Rúben Neves,"MF,DF",26.0,8.0,2,269.0,3.0,0.0,3.0,3.0,0.0,0.0,0.0,0.0,0.0,0.0,1.0,1.0,0.0,1.0,Matches,pt Portugal,
Otávio,MF,28.0,8.0,2,234.0,2.6,1.0,1.0,2.0,1.0,0.0,0.0,0.0,0.0,0.38,0.38,0.77,0.38,0.77,Matches,pt Portugal,
Raphaël Guerreiro,MF,30.0,4.0,2,219.0,2.4,0.0,0.0,0.0,0.0,0.0,0.0,0.0,0.0,0.0,0.0,0.0,0.0,0.0,Matches,pt Portugal,
Diogo Jota,MF,27.0,7.0,2,219.0,2.4,2.0,2.0,4.0,2.0,0.0,0.0,1.0,0.0,0.82,0.82,1.64,0.82,1.64,Matches,pt Portugal,
Rui Patrício,GK,35.0,2.0,2,180.0,2.0,0.0,0.0,0.0,0.0,0.0,0.0,0.0,0.0,0.0,0.0,0.0,0.0,0.0,Matches,pt Portugal,
Vitinha,MF,23.0,6.0,1,134.0,1.5,0.0,0.0,0.0,0.0,0.0,0.0,0.0,0.0,0.0,0.0,0.0,0.0,0.0,Matches,pt Portugal,
Nélson Semedo,DF,30.0,3.0,1,101.0,1.1,0.0,0.0,0.0,0.0,0.0,0.0,0.0,0.0,0.0,0.0,0.0,0.0,0.0,Matches,pt Portugal,
Toti Gomes,DF,25.0,1.0,1,90.0,1.0,0.0,0.0,0.0,0.0,0.0,0.0,0.0,0.0,0.0,0.0,0.0,0.0,0.0,Matches,pt Portugal,
Nuno Mendes,MF,21.0,1.0,1,90.0,1.0,0.0,1.0,1.0,0.0,0.0,0.0,0.0,0.0,0.0,1.0,1.0,0.0,1.0,Matches,pt Portugal,
Pepe,DF,40.0,1.0,1,90.0,1.0,0.0,0.0,0.0,0.0,0.0,0.0,0.0,0.0,0.0,0.0,0.0,0.0,0.0,Matches,pt Portugal,
José Sá,GK,31.0,1.0,1,90.0,1.0,0.0,0.0,0.0,0.0,0.0,0.0,0.0,0.0,0.0,0.0,0.0,0.0,0.0,Matches,pt Portugal,
João Mário Lopes,DF,24.0,2.0,1,66.0,0.7,0.0,0.0,0.0,0.0,0.0,0.0,0.0,0.0,0.0,0.0,0.0,0.0,0.0,Matches,pt Portugal,
Ricardo Horta,"FW,MF",29.0,3.0,0,90.0,1.0,2.0,1.0,3.0,2.0,0.0,0.0,0.0,0.0,2.0,1.0,3.0,2.0,3.0,Matches,pt Portugal,
Pedro Neto,"FW,MF",23.0,2.0,0,53.0,0.6,0.0,0.0,0.0,0.0,0.0,0.0,0.0,0.0,0.0,0.0,0.0,0.0,0.0,Matches,pt Portugal,
Bruma,"FW,MF",29.0,2.0,0,28.0,0.3,0.0,0.0,0.0,0.0,0.0,0.0,0.0,0.0,0.0,0.0,0.0,0.0,0.0,Matches,pt Portugal,
João Neves,MF,19.0,3.0,0,14.0,0.2,0.0,0.0,0.0,0.0,0.0,0.0,0.0,0.0,0.0,0.0,0.0,0.0,0.0,Matches,pt Portugal,
João Mário,"FW,MF",31.0,1.0,0,2.0,0.0,0.0,0.0,0.0,0.0,0.0,0.0,0.0,0.0,0.0,0.0,0.0,0.0,0.0,Matches,pt Portugal,
Celton Biai,GK,23.0,0.0,0,,,,,,,,,,,,,,,,Matches,pt Portugal,
Diogo Leite,DF,25.0,0.0,0,,,,,,,,,,,,,,,,Matches,pt Portugal,
Matheus Nunes,MF,25.0,0.0,0,,,,,,,,,,,,,,,,Matches,pt Portugal,
Renato Sanches,MF,26.0,0.0,0,,,,,,,,,,,,,,,,Matches,pt Portugal,
Squad Total,,28.0,10.0,110,900.0,10.0,36.0,28.0,64.0,33.0,3.0,4.0,11.0,0.0,3.6,2.8,6.4,3.3,6.1,,pt Portugal,
Opponent Total,,28.7,10.0,110,900.0,10.0,2.0,2.0,4.0,2.0,0.0,0.0,28.0,1.0,0.2,0.2,0.4,0.2,0.4,,pt Portugal,
Andrei Burcă,DF,30.0,10.0,10,872.0,9.7,1.0,0.0,1.0,1.0,0.0,0.0,1.0,0.0,0.1,0.0,0.1,0.1,0.1,Matches,ro Romania,
Radu Drăgușin,DF,21.0,10.0,10,855.0,9.5,0.0,0.0,0.0,0.0,0.0,0.0,2.0,0.0,0.0,0.0,0.0,0.0,0.0,Matches,ro Romania,
Nicolae Stanciu,MF,30.0,10.0,10,821.0,9.1,3.0,0.0,3.0,3.0,0.0,1.0,1.0,0.0,0.33,0.0,0.33,0.33,0.33,Matches,ro Romania,
Horaţiu Moldovan,GK,26.0,8.0,8,720.0,8.0,0.0,0.0,0.0,0.0,0.0,0.0,0.0,0.0,0.0,0.0,0.0,0.0,0.0,Matches,ro Romania,
Nicușor Bancu,DF,31.0,6.0,6,540.0,6.0,0.0,1.0,1.0,0.0,0.0,0.0,2.0,0.0,0.0,0.17,0.17,0.0,0.17,Matches,ro Romania,
Răzvan Marin,MF,27.0,8.0,6,533.0,5.9,1.0,2.0,3.0,0.0,1.0,1.0,2.0,0.0,0.17,0.34,0.51,0.0,0.34,Matches,ro Romania,
Denis Alibec,FW,33.0,9.0,6,521.0,5.8,3.0,0.0,3.0,3.0,0.0,0.0,0.0,0.0,0.52,0.0,0.52,0.52,0.52,Matches,ro Romania,
Florinel Coman,"MF,FW",25.0,7.0,6,431.0,4.8,1.0,0.0,1.0,1.0,0.0,0.0,1.0,0.0,0.21,0.0,0.21,0.21,0.21,Matches,ro Romania,
Andrei Ratiu,DF,25.0,5.0,5,450.0,5.0,0.0,1.0,1.0,0.0,0.0,0.0,1.0,0.0,0.0,0.2,0.2,0.0,0.2,Matches,ro Romania,
Olimpiu Moruțan,"MF,FW",24.0,9.0,4,435.0,4.8,0.0,4.0,4.0,0.0,0.0,0.0,2.0,0.0,0.0,0.83,0.83,0.0,0.83,Matches,ro Romania,
Deian Sorescu,"MF,DF",26.0,5.0,4,376.0,4.2,0.0,0.0,0.0,0.0,0.0,0.0,1.0,0.0,0.0,0.0,0.0,0.0,0.0,Matches,ro Romania,
Cristian Manea,"DF,MF",26.0,4.0,4,360.0,4.0,0.0,0.0,0.0,0.0,0.0,0.0,0.0,0.0,0.0,0.0,0.0,0.0,0.0,Matches,ro Romania,
Vladimir Screciu,MF,24.0,4.0,4,325.0,3.6,0.0,0.0,0.0,0.0,0.0,0.0,0.0,0.0,0.0,0.0,0.0,0.0,0.0,Matches,ro Romania,
Ianis Hagi,"MF,FW",25.0,7.0,4,315.0,3.5,2.0,1.0,3.0,2.0,0.0,0.0,2.0,0.0,0.57,0.29,0.86,0.57,0.86,Matches,ro Romania,
Dennis Man,"MF,FW",25.0,4.0,4,255.0,2.8,1.0,0.0,1.0,1.0,0.0,0.0,0.0,0.0,0.35,0.0,0.35,0.35,0.35,Matches,ro Romania,
Marius Marin,MF,25.0,7.0,3,323.0,3.6,0.0,0.0,0.0,0.0,0.0,0.0,2.0,0.0,0.0,0.0,0.0,0.0,0.0,Matches,ro Romania,
George Pușcaș,FW,27.0,6.0,3,272.0,3.0,1.0,0.0,1.0,1.0,0.0,0.0,3.0,0.0,0.33,0.0,0.33,0.33,0.33,Matches,ro Romania,
Alexandru Cicâldău,MF,26.0,7.0,2,232.0,2.6,0.0,0.0,0.0,0.0,0.0,0.0,1.0,0.0,0.0,0.0,0.0,0.0,0.0,Matches,ro Romania,
Ionuț Radu,GK,26.0,2.0,2,180.0,2.0,0.0,0.0,0.0,0.0,0.0,0.0,0.0,0.0,0.0,0.0,0.0,0.0,0.0,Matches,ro Romania,
Tudor Băluță,MF,24.0,3.0,2,159.0,1.8,0.0,0.0,0.0,0.0,0.0,0.0,0.0,0.0,0.0,0.0,0.0,0.0,0.0,Matches,ro Romania,
Denis Drăguș,MF,24.0,3.0,2,159.0,1.8,0.0,0.0,0.0,0.0,0.0,0.0,0.0,0.0,0.0,0.0,0.0,0.0,0.0,Matches,ro Romania,
Darius Olaru,MF,25.0,6.0,1,144.0,1.6,0.0,0.0,0.0,0.0,0.0,0.0,0.0,0.0,0.0,0.0,0.0,0.0,0.0,Matches,ro Romania,
Ionuț Nedelcearu,DF,27.0,1.0,1,90.0,1.0,0.0,0.0,0.0,0.0,0.0,0.0,0.0,0.0,0.0,0.0,0.0,0.0,0.0,Matches,ro Romania,
Raul Oprut,DF,26.0,1.0,1,90.0,1.0,0.0,0.0,0.0,0.0,0.0,0.0,0.0,0.0,0.0,0.0,0.0,0.0,0.0,Matches,ro Romania,
Daniel Birligea,FW,23.0,1.0,1,58.0,0.6,0.0,0.0,0.0,0.0,0.0,0.0,0.0,0.0,0.0,0.0,0.0,0.0,0.0,Matches,ro Romania,
Camora,DF,37.0,1.0,1,22.0,0.2,0.0,0.0,0.0,0.0,0.0,0.0,0.0,0.0,0.0,0.0,0.0,0.0,0.0,Matches,ro Romania,
Valentin Mihaila,"FW,MF",23.0,7.0,0,175.0,1.9,3.0,0.0,3.0,3.0,0.0,0.0,0.0,1.0,1.54,0.0,1.54,1.54,1.54,Matches,ro Romania,
Adrian Rus,DF,27.0,2.0,0,49.0,0.5,0.0,0.0,0.0,0.0,0.0,0.0,0.0,0.0,0.0,0.0,0.0,0.0,0.0,Matches,ro Romania,
Mihai Dobre,"FW,MF",25.0,2.0,0,45.0,0.5,0.0,0.0,0.0,0.0,0.0,0.0,0.0,0.0,0.0,0.0,0.0,0.0,0.0,Matches,ro Romania,
Octavian-George Popescu,"FW,MF",21.0,2.0,0,45.0,0.5,0.0,0.0,0.0,0.0,0.0,0.0,2.0,0.0,0.0,0.0,0.0,0.0,0.0,Matches,ro Romania,
Florin Tănase,"FW,MF",29.0,2.0,0,27.0,0.3,0.0,0.0,0.0,0.0,0.0,0.0,0.0,0.0,0.0,0.0,0.0,0.0,0.0,Matches,ro Romania,
Louis Munteanu,FW,21.0,1.0,0,14.0,0.2,0.0,0.0,0.0,0.0,0.0,0.0,0.0,0.0,0.0,0.0,0.0,0.0,0.0,Matches,ro Romania,
Mihai Aioani,GK,24.0,0.0,0,,,,,,,,,,,,,,,,Matches,ro Romania,
Andrei Artean,"DF,MF",30.0,0.0,0,,,,,,,,,,,,,,,,Matches,ro Romania,
Andrei Borza,DF,18.0,0.0,0,,,,,,,,,,,,,,,,Matches,ro Romania,
Andres Dumitrescu,DF,22.0,0.0,0,,,,,,,,,,,,,,,,Matches,ro Romania,
Vasile Mogos,"DF,MF",31.0,0.0,0,,,,,,,,,,,,,,,,Matches,ro Romania,
Florin Niță,GK,36.0,0.0,0,,,,,,,,,,,,,,,,Matches,ro Romania,
Bogdan Racovitan,DF,23.0,0.0,0,,,,,,,,,,,,,,,,Matches,ro Romania,
Stefan Târnovanu,GK,23.0,0.0,0,,,,,,,,,,,,,,,,Matches,ro Romania,
Valentin Ticu,"DF,MF",23.0,0.0,0,,,,,,,,,,,,,,,,Matches,ro Romania,
Squad Total,,27.1,10.0,110,900.0,10.0,16.0,9.0,25.0,15.0,1.0,2.0,23.0,1.0,1.6,0.9,2.5,1.5,2.4,,ro Romania,
Opponent Total,,28.1,10.0,110,900.0,10.0,5.0,5.0,10.0,5.0,0.0,0.0,34.0,3.0,0.5,0.5,1.0,0.5,1.0,,ro Romania,
Vanja Milinković-Savić,GK,26.0,8.0,8,720.0,8.0,0.0,0.0,0.0,0.0,0.0,0.0,1.0,0.0,0.0,0.0,0.0,0.0,0.0,Matches,rs Serbia,
Nemanja Gudelj,"MF,DF",32.0,8.0,8,697.0,7.7,0.0,0.0,0.0,0.0,0.0,0.0,1.0,0.0,0.0,0.0,0.0,0.0,0.0,Matches,rs Serbia,
Dušan Tadić,MF,35.0,8.0,7,644.0,7.2,2.0,4.0,6.0,2.0,0.0,0.0,0.0,0.0,0.28,0.56,0.84,0.28,0.84,Matches,rs Serbia,
Aleksandar Mitrović,FW,29.0,7.0,7,589.0,6.5,5.0,1.0,6.0,5.0,0.0,0.0,0.0,0.0,0.76,0.15,0.92,0.76,0.92,Matches,rs Serbia,
Nikola Milenković,DF,26.0,8.0,6,577.0,6.4,0.0,0.0,0.0,0.0,0.0,0.0,2.0,0.0,0.0,0.0,0.0,0.0,0.0,Matches,rs Serbia,
Andrija Živković,MF,27.0,8.0,6,549.0,6.1,0.0,1.0,1.0,0.0,0.0,0.0,2.0,0.0,0.0,0.16,0.16,0.0,0.16,Matches,rs Serbia,
Strahinja Pavlović,DF,22.0,6.0,6,540.0,6.0,1.0,0.0,1.0,1.0,0.0,0.0,1.0,0.0,0.17,0.0,0.17,0.17,0.17,Matches,rs Serbia,
Sergej Milinković-Savić,"MF,FW",28.0,7.0,5,520.0,5.8,0.0,0.0,0.0,0.0,0.0,0.0,1.0,0.0,0.0,0.0,0.0,0.0,0.0,Matches,rs Serbia,
Saša Lukić,MF,27.0,6.0,5,374.0,4.2,0.0,2.0,2.0,0.0,0.0,0.0,1.0,0.0,0.0,0.48,0.48,0.0,0.48,Matches,rs Serbia,
Filip Kostić,MF,31.0,6.0,4,379.0,4.2,0.0,1.0,1.0,0.0,0.0,0.0,0.0,0.0,0.0,0.24,0.24,0.0,0.24,Matches,rs Serbia,
Miloš Veljković,DF,28.0,4.0,4,360.0,4.0,1.0,0.0,1.0,1.0,0.0,0.0,0.0,0.0,0.25,0.0,0.25,0.25,0.25,Matches,rs Serbia,
Filip Mladenović,MF,32.0,6.0,3,290.0,3.2,0.0,3.0,3.0,0.0,0.0,0.0,1.0,0.0,0.0,0.93,0.93,0.0,0.93,Matches,rs Serbia,
Ivan Ilić,MF,22.0,6.0,3,218.0,2.4,0.0,0.0,0.0,0.0,0.0,0.0,0.0,0.0,0.0,0.0,0.0,0.0,0.0,Matches,rs Serbia,
Dušan Vlahović,"MF,FW",24.0,5.0,2,241.0,2.7,3.0,0.0,3.0,3.0,0.0,0.0,0.0,0.0,1.12,0.0,1.12,1.12,1.12,Matches,rs Serbia,
Srđan Babić,DF,27.0,3.0,2,181.0,2.0,1.0,0.0,1.0,1.0,0.0,0.0,0.0,0.0,0.5,0.0,0.5,0.5,0.5,Matches,rs Serbia,
Marko Grujić,MF,27.0,3.0,2,180.0,2.0,0.0,0.0,0.0,0.0,0.0,0.0,0.0,0.0,0.0,0.0,0.0,0.0,0.0,Matches,rs Serbia,
Nemanja Maksimović,MF,29.0,4.0,2,172.0,1.9,0.0,0.0,0.0,0.0,0.0,0.0,0.0,0.0,0.0,0.0,0.0,0.0,0.0,Matches,rs Serbia,
Strahinja Eraković,DF,23.0,3.0,2,137.0,1.5,0.0,0.0,0.0,0.0,0.0,0.0,0.0,0.0,0.0,0.0,0.0,0.0,0.0,Matches,rs Serbia,
Filip Đuričić,MF,32.0,3.0,2,130.0,1.4,0.0,0.0,0.0,0.0,0.0,0.0,0.0,0.0,0.0,0.0,0.0,0.0,0.0,Matches,rs Serbia,
Dejan Joveljić,FW,24.0,2.0,1,100.0,1.1,0.0,0.0,0.0,0.0,0.0,0.0,1.0,0.0,0.0,0.0,0.0,0.0,0.0,Matches,rs Serbia,
Nemanja Radonjić,MF,27.0,4.0,1,82.0,0.9,0.0,0.0,0.0,0.0,0.0,0.0,0.0,0.0,0.0,0.0,0.0,0.0,0.0,Matches,rs Serbia,
Mijat Gaćinović,FW,28.0,1.0,1,66.0,0.7,0.0,0.0,0.0,0.0,0.0,0.0,0.0,0.0,0.0,0.0,0.0,0.0,0.0,Matches,rs Serbia,
Aleksa Terzić,MF,24.0,1.0,1,45.0,0.5,0.0,0.0,0.0,0.0,0.0,0.0,0.0,0.0,0.0,0.0,0.0,0.0,0.0,Matches,rs Serbia,
Lazar Samardzic,MF,21.0,3.0,0,37.0,0.4,0.0,0.0,0.0,0.0,0.0,0.0,0.0,0.0,0.0,0.0,0.0,0.0,0.0,Matches,rs Serbia,
Đorđe Jovanović,FW,24.0,1.0,0,33.0,0.4,0.0,0.0,0.0,0.0,0.0,0.0,0.0,0.0,0.0,0.0,0.0,0.0,0.0,Matches,rs Serbia,
Darko Lazović,"DF,FW",33.0,1.0,0,20.0,0.2,1.0,0.0,1.0,1.0,0.0,0.0,0.0,0.0,4.5,0.0,4.5,4.5,4.5,Matches,rs Serbia,
Stefan Mitrović,MF,21.0,1.0,0,19.0,0.2,0.0,0.0,0.0,0.0,0.0,0.0,1.0,0.0,0.0,0.0,0.0,0.0,0.0,Matches,rs Serbia,
Uroš Račić,MF,25.0,2.0,0,9.0,0.1,0.0,0.0,0.0,0.0,0.0,0.0,0.0,0.0,0.0,0.0,0.0,0.0,0.0,Matches,rs Serbia,
Petar Ratkov,FW,20.0,1.0,0,7.0,0.1,0.0,0.0,0.0,0.0,0.0,0.0,0.0,0.0,0.0,0.0,0.0,0.0,0.0,Matches,rs Serbia,
Luka Jović,FW,26.0,1.0,0,4.0,0.0,0.0,0.0,0.0,0.0,0.0,0.0,0.0,0.0,0.0,0.0,0.0,0.0,0.0,Matches,rs Serbia,
Erhan Mašović,DF,25.0,0.0,0,,,,,,,,,,,,,,,,Matches,rs Serbia,
Đorđe Petrović,GK,24.0,0.0,0,,,,,,,,,,,,,,,,Matches,rs Serbia,
Boris Radunović,GK,27.0,0.0,0,,,,,,,,,,,,,,,,Matches,rs Serbia,
Predrag Rajković,GK,28.0,0.0,0,,,,,,,,,,,,,,,,Matches,rs Serbia,
Dragan Rosić,GK,27.0,0.0,0,,,,,,,,,,,,,,,,Matches,rs Serbia,
Nemanja Stojić,MF,26.0,0.0,0,,,,,,,,,,,,,,,,Matches,rs Serbia,
Squad Total,,28.4,8.0,88,720.0,8.0,14.0,12.0,26.0,14.0,0.0,0.0,12.0,0.0,1.75,1.5,3.25,1.75,3.25,,rs Serbia,
Opponent Total,,27.8,8.0,88,720.0,8.0,9.0,9.0,18.0,9.0,0.0,0.0,17.0,1.0,1.13,1.13,2.25,1.13,2.25,,rs Serbia,
John McGinn,"MF,FW",29.0,,8,690.0,7.7,3.0,2.0,5.0,2.0,1.0,1.0,1.0,0.0,0.39,0.26,0.65,0.26,0.52,Matches,sct Scotland,8.0
Callum McGregor,MF,30.0,,8,689.0,7.7,1.0,0.0,1.0,1.0,0.0,0.0,0.0,0.0,0.13,0.0,0.13,0.13,0.13,Matches,sct Scotland,8.0
Scott McTominay,MF,27.0,,7,653.0,7.3,7.0,1.0,8.0,7.0,0.0,0.0,1.0,0.0,0.96,0.14,1.1,0.96,1.1,Matches,sct Scotland,8.0
Ryan Porteous,DF,24.0,,7,614.0,6.8,1.0,0.0,1.0,1.0,0.0,0.0,2.0,0.0,0.15,0.0,0.15,0.15,0.15,Matches,sct Scotland,7.0
Angus Gunn,GK,28.0,,6,540.0,6.0,0.0,0.0,0.0,0.0,0.0,0.0,1.0,0.0,0.0,0.0,0.0,0.0,0.0,Matches,sct Scotland,6.0
Aaron Hickey,"MF,DF",21.0,,6,513.0,5.7,0.0,0.0,0.0,0.0,0.0,0.0,1.0,0.0,0.0,0.0,0.0,0.0,0.0,Matches,sct Scotland,6.0
Andrew Robertson,"MF,DF",29.0,,6,493.0,5.5,0.0,3.0,3.0,0.0,0.0,0.0,2.0,0.0,0.0,0.55,0.55,0.0,0.55,Matches,sct Scotland,6.0
Lyndon Dykes,FW,28.0,,5,497.0,5.5,1.0,2.0,3.0,1.0,0.0,0.0,2.0,0.0,0.18,0.36,0.54,0.18,0.54,Matches,sct Scotland,8.0
Jack Hendry,DF,28.0,,5,450.0,5.0,0.0,1.0,1.0,0.0,0.0,0.0,2.0,0.0,0.0,0.2,0.2,0.0,0.2,Matches,sct Scotland,5.0
Kieran Tierney,DF,26.0,,5,396.0,4.4,0.0,0.0,0.0,0.0,0.0,0.0,1.0,0.0,0.0,0.0,0.0,0.0,0.0,Matches,sct Scotland,5.0
Ryan Christie,"FW,MF",28.0,,4,321.0,3.6,0.0,0.0,0.0,0.0,0.0,0.0,1.0,0.0,0.0,0.0,0.0,0.0,0.0,Matches,sct Scotland,8.0
Scott McKenna,DF,27.0,,3,270.0,3.0,0.0,0.0,0.0,0.0,0.0,0.0,1.0,0.0,0.0,0.0,0.0,0.0,0.0,Matches,sct Scotland,3.0
Billy Gilmour,MF,22.0,,3,213.0,2.4,0.0,0.0,0.0,0.0,0.0,0.0,0.0,0.0,0.0,0.0,0.0,0.0,0.0,Matches,sct Scotland,5.0
Nathan Patterson,DF,22.0,,2,242.0,2.7,0.0,0.0,0.0,0.0,0.0,0.0,2.0,0.0,0.0,0.0,0.0,0.0,0.0,Matches,sct Scotland,6.0
Stuart Armstrong,MF,31.0,,2,180.0,2.0,1.0,1.0,2.0,1.0,0.0,0.0,2.0,0.0,0.5,0.5,1.0,0.5,1.0,Matches,sct Scotland,6.0
Zander Clark,GK,31.0,,2,180.0,2.0,0.0,0.0,0.0,0.0,0.0,0.0,0.0,0.0,0.0,0.0,0.0,0.0,0.0,Matches,sct Scotland,2.0
Grant Hanley,DF,32.0,,2,180.0,2.0,0.0,0.0,0.0,0.0,0.0,0.0,0.0,0.0,0.0,0.0,0.0,0.0,0.0,Matches,sct Scotland,2.0
Greg Taylor,DF,26.0,,2,168.0,1.9,0.0,0.0,0.0,0.0,0.0,0.0,0.0,0.0,0.0,0.0,0.0,0.0,0.0,Matches,sct Scotland,2.0
Che Adams,FW,27.0,,2,135.0,1.5,0.0,0.0,0.0,0.0,0.0,0.0,0.0,0.0,0.0,0.0,0.0,0.0,0.0,Matches,sct Scotland,3.0
Kenny McLean,MF,32.0,,1,175.0,1.9,1.0,1.0,2.0,1.0,0.0,0.0,0.0,0.0,0.51,0.51,1.03,0.51,1.03,Matches,sct Scotland,7.0
Ryan Jack,MF,31.0,,1,90.0,1.0,0.0,0.0,0.0,0.0,0.0,0.0,0.0,0.0,0.0,0.0,0.0,0.0,0.0,Matches,sct Scotland,3.0
Jacob Brown,FW,25.0,,1,69.0,0.8,0.0,0.0,0.0,0.0,0.0,0.0,0.0,0.0,0.0,0.0,0.0,0.0,0.0,Matches,sct Scotland,1.0
Lewis Ferguson,MF,24.0,,0,74.0,0.8,0.0,0.0,0.0,0.0,0.0,0.0,0.0,0.0,0.0,0.0,0.0,0.0,0.0,Matches,sct Scotland,3.0
Liam Cooper,DF,32.0,,0,42.0,0.5,0.0,0.0,0.0,0.0,0.0,0.0,0.0,0.0,0.0,0.0,0.0,0.0,0.0,Matches,sct Scotland,2.0
Kevin Nisbet,FW,26.0,,0,12.0,0.1,0.0,0.0,0.0,0.0,0.0,0.0,0.0,0.0,0.0,0.0,0.0,0.0,0.0,Matches,sct Scotland,1.0
Anthony Ralston,DF,25.0,,0,12.0,0.1,0.0,0.0,0.0,0.0,0.0,0.0,0.0,0.0,0.0,0.0,0.0,0.0,0.0,Matches,sct Scotland,1.0
John Souttar,DF,27.0,,0,12.0,0.1,0.0,0.0,0.0,0.0,0.0,0.0,0.0,0.0,0.0,0.0,0.0,0.0,0.0,Matches,sct Scotland,1.0
Lawrence Shankland,FW,28.0,,0,9.0,0.1,1.0,0.0,1.0,1.0,0.0,0.0,0.0,0.0,10.0,0.0,10.0,10.0,10.0,Matches,sct Scotland,3.0
Dominic Hyam,DF,28.0,,0,1.0,0.0,0.0,0.0,0.0,0.0,0.0,0.0,0.0,0.0,0.0,0.0,0.0,0.0,0.0,Matches,sct Scotland,1.0
Josh Doig,"DF,MF",21.0,,0,,,,,,,,,,,,,,,,Matches,sct Scotland,0.0
Liam Kelly,GK,28.0,,0,,,,,,,,,,,,,,,,Matches,sct Scotland,0.0
Robby McCrorie,GK,25.0,,0,,,,,,,,,,,,,,,,Matches,sct Scotland,0.0
Squad Total,,27.7,,88,720.0,8.0,16.0,11.0,27.0,15.0,1.0,1.0,19.0,0.0,2.0,1.37,3.38,1.87,3.25,,sct Scotland,8.0
Opponent Total,,27.5,,88,720.0,8.0,8.0,5.0,13.0,7.0,1.0,2.0,20.0,1.0,1.0,0.62,1.62,0.87,1.5,,sct Scotland,8.0
Adam Gnezda Čerin,MF,24.0,10.0,10,900.0,10.0,1.0,3.0,4.0,1.0,0.0,0.0,0.0,0.0,0.1,0.3,0.4,0.1,0.4,Matches,si Slovenia,
Žan Karničnik,DF,29.0,10.0,10,867.0,9.6,1.0,2.0,3.0,1.0,0.0,0.0,0.0,0.0,0.1,0.21,0.31,0.1,0.31,Matches,si Slovenia,
Jaka Bijol,DF,24.0,10.0,10,845.0,9.4,0.0,0.0,0.0,0.0,0.0,0.0,0.0,0.0,0.0,0.0,0.0,0.0,0.0,Matches,si Slovenia,
Petar Stojanović,"MF,DF",28.0,9.0,9,770.0,8.6,0.0,2.0,2.0,0.0,0.0,0.0,2.0,0.0,0.0,0.23,0.23,0.0,0.23,Matches,si Slovenia,
Benjamin Šeško,FW,20.0,9.0,9,750.0,8.3,5.0,2.0,7.0,3.0,2.0,2.0,0.0,0.0,0.6,0.24,0.84,0.36,0.6,Matches,si Slovenia,
Jan Oblak,GK,31.0,8.0,8,720.0,8.0,0.0,0.0,0.0,0.0,0.0,0.0,0.0,0.0,0.0,0.0,0.0,0.0,0.0,Matches,si Slovenia,
Timi Elšnik,MF,25.0,8.0,7,593.0,6.6,0.0,0.0,0.0,0.0,0.0,0.0,2.0,0.0,0.0,0.0,0.0,0.0,0.0,Matches,si Slovenia,
Jan Mlakar,MF,25.0,8.0,7,587.0,6.5,1.0,0.0,1.0,1.0,0.0,0.0,0.0,0.0,0.15,0.0,0.15,0.15,0.15,Matches,si Slovenia,
Andraž Šporar,FW,29.0,7.0,7,545.0,6.1,3.0,3.0,6.0,3.0,0.0,0.0,2.0,0.0,0.5,0.5,0.99,0.5,0.99,Matches,si Slovenia,
Erik Janža,DF,30.0,6.0,6,494.0,5.5,2.0,0.0,2.0,2.0,0.0,0.0,1.0,0.0,0.36,0.0,0.36,0.36,0.36,Matches,si Slovenia,
Miha Blažič,DF,30.0,6.0,6,376.0,4.2,0.0,0.0,0.0,0.0,0.0,0.0,0.0,0.0,0.0,0.0,0.0,0.0,0.0,Matches,si Slovenia,
David Brekalo,DF,25.0,5.0,4,446.0,5.0,1.0,0.0,1.0,1.0,0.0,0.0,2.0,0.0,0.2,0.0,0.2,0.2,0.2,Matches,si Slovenia,
Sandi Lovrić,MF,25.0,7.0,3,300.0,3.3,1.0,0.0,1.0,1.0,0.0,0.0,0.0,0.0,0.3,0.0,0.3,0.3,0.3,Matches,si Slovenia,
Benjamin Verbič,MF,30.0,9.0,3,298.0,3.3,1.0,0.0,1.0,1.0,0.0,0.0,1.0,0.0,0.3,0.0,0.3,0.3,0.3,Matches,si Slovenia,
Žan Vipotnik,FW,21.0,8.0,2,282.0,3.1,2.0,0.0,2.0,2.0,0.0,0.0,0.0,0.0,0.64,0.0,0.64,0.64,0.64,Matches,si Slovenia,
Miha Zajc,MF,29.0,4.0,2,209.0,2.3,0.0,1.0,1.0,0.0,0.0,0.0,0.0,0.0,0.0,0.43,0.43,0.0,0.43,Matches,si Slovenia,
Jure Balkovec,DF,29.0,5.0,2,199.0,2.2,0.0,0.0,0.0,0.0,0.0,0.0,0.0,0.0,0.0,0.0,0.0,0.0,0.0,Matches,si Slovenia,
Jon Gorenc Stanković,MF,28.0,5.0,1,119.0,1.3,0.0,0.0,0.0,0.0,0.0,0.0,0.0,0.0,0.0,0.0,0.0,0.0,0.0,Matches,si Slovenia,
Vid Belec,GK,33.0,1.0,1,90.0,1.0,0.0,0.0,0.0,0.0,0.0,0.0,0.0,0.0,0.0,0.0,0.0,0.0,0.0,Matches,si Slovenia,
Matevž Vidovšek,GK,24.0,1.0,1,90.0,1.0,0.0,0.0,0.0,0.0,0.0,0.0,0.0,0.0,0.0,0.0,0.0,0.0,0.0,Matches,si Slovenia,
Žan Celar,FW,24.0,2.0,1,74.0,0.8,0.0,0.0,0.0,0.0,0.0,0.0,0.0,0.0,0.0,0.0,0.0,0.0,0.0,Matches,si Slovenia,
Andrés Vombergar,FW,29.0,1.0,1,57.0,0.6,0.0,0.0,0.0,0.0,0.0,0.0,0.0,0.0,0.0,0.0,0.0,0.0,0.0,Matches,si Slovenia,
Vanja Drkušič,DF,24.0,4.0,0,166.0,1.8,0.0,0.0,0.0,0.0,0.0,0.0,0.0,0.0,0.0,0.0,0.0,0.0,0.0,Matches,si Slovenia,
Jasmin Kurtić,MF,35.0,6.0,0,95.0,1.1,0.0,0.0,0.0,0.0,0.0,0.0,0.0,0.0,0.0,0.0,0.0,0.0,0.0,Matches,si Slovenia,
Luka Zahović,FW,28.0,1.0,0,19.0,0.2,0.0,0.0,0.0,0.0,0.0,0.0,0.0,0.0,0.0,0.0,0.0,0.0,0.0,Matches,si Slovenia,
Tomi Horvat,"FW,MF",24.0,1.0,0,9.0,0.1,0.0,0.0,0.0,0.0,0.0,0.0,0.0,0.0,0.0,0.0,0.0,0.0,0.0,Matches,si Slovenia,
Domen Črnigoj,MF,28.0,0.0,0,,,,,,,,,,,,,,,,Matches,si Slovenia,
Aljaž Ivačič,GK,30.0,0.0,0,,,,,,,,,,,,,,,,Matches,si Slovenia,
Aljoša Matko,FW,23.0,0.0,0,,,,,,,,,,,,,,,,Matches,si Slovenia,
Martin Turk,GK,20.0,0.0,0,,,,,,,,,,,,,,,,Matches,si Slovenia,
Žan Zaletel,DF,24.0,0.0,0,,,,,,,,,,,,,,,,Matches,si Slovenia,
Nino Žugelj,FW,23.0,0.0,0,,,,,,,,,,,,,,,,Matches,si Slovenia,
Squad Total,,27.1,10.0,110,900.0,10.0,18.0,13.0,31.0,16.0,2.0,2.0,10.0,0.0,1.8,1.3,3.1,1.6,2.9,,si Slovenia,
Opponent Total,,28.6,10.0,110,900.0,10.0,9.0,7.0,16.0,9.0,0.0,0.0,24.0,1.0,0.9,0.7,1.6,0.9,1.6,,si Slovenia,
Dávid Hancko,DF,26.0,10.0,10,895.0,9.9,2.0,3.0,5.0,2.0,0.0,0.0,0.0,0.0,0.2,0.3,0.5,0.2,0.5,Matches,sk Slovakia,
Martin Dúbravka,GK,35.0,9.0,9,810.0,9.0,0.0,0.0,0.0,0.0,0.0,0.0,1.0,0.0,0.0,0.0,0.0,0.0,0.0,Matches,sk Slovakia,
Stanislav Lobotka,MF,29.0,9.0,9,785.0,8.7,1.0,1.0,2.0,1.0,0.0,0.0,0.0,0.0,0.11,0.11,0.23,0.11,0.23,Matches,sk Slovakia,
Milan Škriniar,DF,28.0,8.0,8,720.0,8.0,0.0,0.0,0.0,0.0,0.0,0.0,0.0,0.0,0.0,0.0,0.0,0.0,0.0,Matches,sk Slovakia,
Peter Pekarík,DF,37.0,9.0,8,717.0,8.0,0.0,0.0,0.0,0.0,0.0,0.0,3.0,0.0,0.0,0.0,0.0,0.0,0.0,Matches,sk Slovakia,
Juraj Kucka,MF,36.0,9.0,8,684.0,7.6,2.0,2.0,4.0,2.0,0.0,0.0,0.0,0.0,0.26,0.26,0.53,0.26,0.53,Matches,sk Slovakia,
Ondrej Duda,MF,29.0,8.0,8,652.0,7.2,2.0,2.0,4.0,1.0,1.0,1.0,2.0,0.0,0.28,0.28,0.55,0.14,0.41,Matches,sk Slovakia,
Denis Vavro,DF,27.0,7.0,7,628.0,7.0,1.0,0.0,1.0,1.0,0.0,0.0,0.0,0.0,0.14,0.0,0.14,0.14,0.14,Matches,sk Slovakia,
Róbert Polievka,FW,27.0,9.0,6,440.0,4.9,0.0,0.0,0.0,0.0,0.0,0.0,0.0,0.0,0.0,0.0,0.0,0.0,0.0,Matches,sk Slovakia,
Róbert Mak,FW,32.0,7.0,6,381.0,4.2,2.0,0.0,2.0,2.0,0.0,0.0,0.0,0.0,0.47,0.0,0.47,0.47,0.47,Matches,sk Slovakia,
Lukáš Haraslín,FW,27.0,5.0,5,415.0,4.6,3.0,1.0,4.0,3.0,0.0,0.0,0.0,0.0,0.65,0.22,0.87,0.65,0.87,Matches,sk Slovakia,
Ivan Schranz,FW,30.0,5.0,5,368.0,4.1,0.0,0.0,0.0,0.0,0.0,0.0,1.0,0.0,0.0,0.0,0.0,0.0,0.0,Matches,sk Slovakia,
Tomáš Suslov,FW,21.0,9.0,4,502.0,5.6,1.0,0.0,1.0,1.0,0.0,0.0,2.0,0.0,0.18,0.0,0.18,0.18,0.18,Matches,sk Slovakia,
Róbert Boženík,FW,24.0,8.0,4,424.0,4.7,1.0,1.0,2.0,1.0,0.0,0.0,2.0,0.0,0.21,0.21,0.42,0.21,0.42,Matches,sk Slovakia,
Norbert Gyömbér,DF,31.0,6.0,4,363.0,4.0,0.0,0.0,0.0,0.0,0.0,0.0,1.0,0.0,0.0,0.0,0.0,0.0,0.0,Matches,sk Slovakia,
László Bénes,MF,26.0,7.0,2,261.0,2.9,0.0,2.0,2.0,0.0,0.0,0.0,0.0,0.0,0.0,0.69,0.69,0.0,0.69,Matches,sk Slovakia,
Ľubomír Šatka,DF,28.0,2.0,2,180.0,2.0,1.0,0.0,1.0,1.0,0.0,0.0,0.0,0.0,0.5,0.0,0.5,0.5,0.5,Matches,sk Slovakia,
Marek Hamšík,MF,36.0,2.0,2,157.0,1.7,0.0,1.0,1.0,0.0,0.0,0.0,0.0,0.0,0.0,0.57,0.57,0.0,0.57,Matches,sk Slovakia,
Patrik Hrošovský,MF,31.0,6.0,1,118.0,1.3,0.0,0.0,0.0,0.0,0.0,0.0,3.0,0.0,0.0,0.0,0.0,0.0,0.0,Matches,sk Slovakia,
Michal Tomič,DF,24.0,3.0,1,92.0,1.0,0.0,0.0,0.0,0.0,0.0,0.0,1.0,0.0,0.0,0.0,0.0,0.0,0.0,Matches,sk Slovakia,
Marek Rodák,GK,27.0,1.0,1,90.0,1.0,0.0,0.0,0.0,0.0,0.0,0.0,0.0,0.0,0.0,0.0,0.0,0.0,0.0,Matches,sk Slovakia,
Dávid Ďuriš,FW,24.0,6.0,0,90.0,1.0,1.0,0.0,1.0,1.0,0.0,0.0,0.0,0.0,1.0,0.0,1.0,1.0,1.0,Matches,sk Slovakia,
Matúš Bero,"FW,MF",28.0,4.0,0,38.0,0.4,0.0,0.0,0.0,0.0,0.0,0.0,0.0,0.0,0.0,0.0,0.0,0.0,0.0,Matches,sk Slovakia,
Ľubomír Tupta,"FW,MF",25.0,2.0,0,37.0,0.4,0.0,0.0,0.0,0.0,0.0,0.0,0.0,0.0,0.0,0.0,0.0,0.0,0.0,Matches,sk Slovakia,
Adam Zreľák,"FW,MF",29.0,1.0,0,22.0,0.2,0.0,0.0,0.0,0.0,0.0,0.0,0.0,0.0,0.0,0.0,0.0,0.0,0.0,Matches,sk Slovakia,
Dávid Strelec,FW,22.0,1.0,0,14.0,0.2,0.0,0.0,0.0,0.0,0.0,0.0,0.0,0.0,0.0,0.0,0.0,0.0,0.0,Matches,sk Slovakia,
Erik Jirka,"FW,MF",26.0,1.0,0,6.0,0.1,0.0,0.0,0.0,0.0,0.0,0.0,0.0,0.0,0.0,0.0,0.0,0.0,0.0,Matches,sk Slovakia,
Jakub Kadák,MF,23.0,1.0,0,6.0,0.1,0.0,0.0,0.0,0.0,0.0,0.0,0.0,0.0,0.0,0.0,0.0,0.0,0.0,Matches,sk Slovakia,
Vernon De Marco Morlacchi,DF,31.0,1.0,0,5.0,0.1,0.0,0.0,0.0,0.0,0.0,0.0,1.0,0.0,0.0,0.0,0.0,0.0,0.0,Matches,sk Slovakia,
Christián Herc,MF,25.0,0.0,0,,,,,,,,,,,,,,,,Matches,sk Slovakia,
Dominik Hollý,MF,20.0,0.0,0,,,,,,,,,,,,,,,,Matches,sk Slovakia,
Henrich Ravas,GK,26.0,0.0,0,,,,,,,,,,,,,,,,Matches,sk Slovakia,
Martin Valjent,"DF,MF",28.0,0.0,0,,,,,,,,,,,,,,,,Matches,sk Slovakia,
Squad Total,,29.9,10.0,110,900.0,10.0,17.0,13.0,30.0,16.0,1.0,1.0,17.0,0.0,1.7,1.3,3.0,1.6,2.9,,sk Slovakia,
Opponent Total,,27.4,10.0,110,900.0,10.0,7.0,5.0,12.0,5.0,2.0,2.0,17.0,1.0,0.7,0.5,1.2,0.5,1.0,,sk Slovakia,
Kerem Aktürkoğlu,"MF,FW",25.0,8.0,7,588.0,6.5,2.0,0.0,2.0,2.0,0.0,0.0,2.0,0.0,0.31,0.0,0.31,0.31,0.31,Matches,tr Türkiye,
Hakan Çalhanoğlu,MF,29.0,7.0,7,572.0,6.4,0.0,0.0,0.0,0.0,0.0,1.0,0.0,0.0,0.0,0.0,0.0,0.0,0.0,Matches,tr Türkiye,
Ferdi Kadioglu,"DF,MF",24.0,7.0,7,548.0,6.1,0.0,0.0,0.0,0.0,0.0,0.0,1.0,0.0,0.0,0.0,0.0,0.0,0.0,Matches,tr Türkiye,
Salih Özcan,MF,26.0,7.0,5,455.0,5.1,0.0,1.0,1.0,0.0,0.0,0.0,2.0,0.0,0.0,0.2,0.2,0.0,0.2,Matches,tr Türkiye,
Abdülkerim Bardakcı,DF,29.0,5.0,5,450.0,5.0,1.0,0.0,1.0,1.0,0.0,0.0,1.0,0.0,0.2,0.0,0.2,0.2,0.2,Matches,tr Türkiye,
Mert Günok,GK,34.0,5.0,5,450.0,5.0,0.0,0.0,0.0,0.0,0.0,0.0,0.0,0.0,0.0,0.0,0.0,0.0,0.0,Matches,tr Türkiye,
Cengiz Ünder,"MF,FW",26.0,5.0,5,440.0,4.9,1.0,0.0,1.0,1.0,0.0,0.0,1.0,0.0,0.2,0.0,0.2,0.2,0.2,Matches,tr Türkiye,
Merih Demiral,DF,25.0,5.0,5,405.0,4.5,0.0,1.0,1.0,0.0,0.0,0.0,3.0,0.0,0.0,0.22,0.22,0.0,0.22,Matches,tr Türkiye,
Barış Alper Yılmaz,FW,23.0,7.0,5,400.0,4.4,1.0,1.0,2.0,1.0,0.0,0.0,1.0,0.0,0.23,0.23,0.45,0.23,0.45,Matches,tr Türkiye,
Orkun Kökçü,MF,23.0,5.0,5,394.0,4.4,1.0,2.0,3.0,1.0,0.0,0.0,0.0,0.0,0.23,0.46,0.69,0.23,0.69,Matches,tr Türkiye,
İsmail Yüksek,MF,25.0,6.0,4,395.0,4.4,0.0,1.0,1.0,0.0,0.0,0.0,1.0,0.0,0.0,0.23,0.23,0.0,0.23,Matches,tr Türkiye,
Zeki Çelik,DF,26.0,6.0,4,369.0,4.1,0.0,0.0,0.0,0.0,0.0,0.0,3.0,0.0,0.0,0.0,0.0,0.0,0.0,Matches,tr Türkiye,
Cenk Özkacar,DF,23.0,4.0,4,296.0,3.3,0.0,1.0,1.0,0.0,0.0,0.0,0.0,0.0,0.0,0.3,0.3,0.0,0.3,Matches,tr Türkiye,
Samet Akaydın,DF,29.0,3.0,3,270.0,3.0,0.0,1.0,1.0,0.0,0.0,0.0,0.0,0.0,0.0,0.33,0.33,0.0,0.33,Matches,tr Türkiye,
Çağlar Söyüncü,DF,27.0,3.0,3,270.0,3.0,0.0,0.0,0.0,0.0,0.0,0.0,2.0,0.0,0.0,0.0,0.0,0.0,0.0,Matches,tr Türkiye,
Uğurcan Çakır,GK,27.0,3.0,3,212.0,2.4,0.0,0.0,0.0,0.0,0.0,0.0,1.0,0.0,0.0,0.0,0.0,0.0,0.0,Matches,tr Türkiye,
Enes Ünal,FW,26.0,2.0,2,164.0,1.8,0.0,1.0,1.0,0.0,0.0,0.0,0.0,0.0,0.0,0.55,0.55,0.0,0.55,Matches,tr Türkiye,
Umut Nayir,FW,30.0,4.0,1,151.0,1.7,1.0,0.0,1.0,1.0,0.0,0.0,0.0,0.0,0.6,0.0,0.6,0.6,0.6,Matches,tr Türkiye,
Arda Güler,MF,18.0,3.0,1,124.0,1.4,1.0,0.0,1.0,1.0,0.0,0.0,0.0,0.0,0.73,0.0,0.73,0.73,0.73,Matches,tr Türkiye,
İrfan Kahveci,MF,28.0,4.0,1,114.0,1.3,1.0,0.0,1.0,1.0,0.0,0.0,2.0,0.0,0.79,0.0,0.79,0.79,0.79,Matches,tr Türkiye,
Onur Bulut,MF,29.0,2.0,1,109.0,1.2,0.0,1.0,1.0,0.0,0.0,0.0,1.0,0.0,0.0,0.83,0.83,0.0,0.83,Matches,tr Türkiye,
Yunus Akgün,MF,23.0,2.0,1,101.0,1.1,1.0,0.0,1.0,1.0,0.0,0.0,1.0,0.0,0.89,0.0,0.89,0.89,0.89,Matches,tr Türkiye,
Yusuf Sari,MF,25.0,2.0,1,93.0,1.0,0.0,1.0,1.0,0.0,0.0,0.0,0.0,0.0,0.0,0.97,0.97,0.0,0.97,Matches,tr Türkiye,
Ozan Kabak,DF,23.0,2.0,1,92.0,1.0,0.0,0.0,0.0,0.0,0.0,0.0,0.0,0.0,0.0,0.0,0.0,0.0,0.0,Matches,tr Türkiye,
Cenk Tosun,FW,32.0,3.0,1,71.0,0.8,2.0,0.0,2.0,2.0,0.0,0.0,0.0,0.0,2.54,0.0,2.54,2.54,2.54,Matches,tr Türkiye,
Abdülkadir Ömür,MF,24.0,1.0,1,32.0,0.4,0.0,0.0,0.0,0.0,0.0,0.0,0.0,0.0,0.0,0.0,0.0,0.0,0.0,Matches,tr Türkiye,
Evren Eren Elmalı,DF,23.0,3.0,0,68.0,0.8,0.0,0.0,0.0,0.0,0.0,0.0,0.0,0.0,0.0,0.0,0.0,0.0,0.0,Matches,tr Türkiye,
Altay Bayındır,GK,25.0,1.0,0,58.0,0.6,0.0,0.0,0.0,0.0,0.0,0.0,1.0,0.0,0.0,0.0,0.0,0.0,0.0,Matches,tr Türkiye,
Yusuf Yazıcı,"FW,MF",27.0,1.0,0,58.0,0.6,1.0,0.0,1.0,0.0,1.0,1.0,1.0,0.0,1.55,0.0,1.55,0.0,0.0,Matches,tr Türkiye,
Kenan Yıldız,MF,18.0,2.0,0,37.0,0.4,0.0,0.0,0.0,0.0,0.0,0.0,0.0,0.0,0.0,0.0,0.0,0.0,0.0,Matches,tr Türkiye,
Halil Dervişoğlu,FW,24.0,1.0,0,30.0,0.3,0.0,0.0,0.0,0.0,0.0,0.0,0.0,0.0,0.0,0.0,0.0,0.0,0.0,Matches,tr Türkiye,
Mert Müldür,DF,24.0,1.0,0,30.0,0.3,0.0,0.0,0.0,0.0,0.0,0.0,0.0,0.0,0.0,0.0,0.0,0.0,0.0,Matches,tr Türkiye,
Bertuğ Yıldırım,FW,21.0,2.0,0,27.0,0.3,1.0,0.0,1.0,1.0,0.0,0.0,2.0,0.0,3.33,0.0,3.33,3.33,3.33,Matches,tr Türkiye,
Berkan Kutlu,MF,26.0,1.0,0,23.0,0.3,0.0,0.0,0.0,0.0,0.0,0.0,0.0,0.0,0.0,0.0,0.0,0.0,0.0,Matches,tr Türkiye,
Kaan Ayhan,"DF,MF",29.0,3.0,0,22.0,0.2,0.0,0.0,0.0,0.0,0.0,0.0,1.0,0.0,0.0,0.0,0.0,0.0,0.0,Matches,tr Türkiye,
Salih Uçan,MF,30.0,1.0,0,2.0,0.0,0.0,0.0,0.0,0.0,0.0,0.0,0.0,0.0,0.0,0.0,0.0,0.0,0.0,Matches,tr Türkiye,
Emre Akbaba,"FW,MF",31.0,0.0,0,,,,,,,,,,,,,,,,Matches,tr Türkiye,
Mehmet Aydin,MF,21.0,0.0,0,,,,,,,,,,,,,,,,Matches,tr Türkiye,
Umut Bozok,FW,27.0,0.0,0,,,,,,,,,,,,,,,,Matches,tr Türkiye,
Kenan Karaman,"FW,MF",29.0,0.0,0,,,,,,,,,,,,,,,,Matches,tr Türkiye,
Ertaç Özbir,GK,34.0,0.0,0,,,,,,,,,,,,,,,,Matches,tr Türkiye,
Berat Özdemir,MF,25.0,0.0,0,,,,,,,,,,,,,,,,Matches,tr Türkiye,
Muhammed Şengezer,GK,27.0,0.0,0,,,,,,,,,,,,,,,,Matches,tr Türkiye,
Squad Total,,26.7,8.0,88,720.0,8.0,14.0,11.0,25.0,13.0,1.0,2.0,27.0,0.0,1.75,1.37,3.12,1.62,3.0,,tr Türkiye,
Opponent Total,,27.3,8.0,88,720.0,8.0,6.0,3.0,9.0,6.0,0.0,0.0,26.0,2.0,0.75,0.37,1.13,0.75,1.13,,tr Türkiye,
Heorhiy Sudakov,MF,21.0,,10,846.0,9.4,1.0,2.0,3.0,1.0,0.0,0.0,0.0,0.0,0.11,0.21,0.32,0.11,0.32,Matches,ua Ukraine,10.0
Vitaliy Mykolenko,DF,24.0,,9,825.0,9.2,0.0,1.0,1.0,0.0,0.0,0.0,2.0,0.0,0.0,0.11,0.11,0.0,0.11,Matches,ua Ukraine,10.0
Illia Zabarnyi,DF,21.0,,9,810.0,9.0,1.0,0.0,1.0,1.0,0.0,0.0,1.0,0.0,0.11,0.0,0.11,0.11,0.11,Matches,ua Ukraine,9.0
Mykhailo Mudryk,"MF,FW",23.0,,8,718.0,8.0,2.0,2.0,4.0,2.0,0.0,0.0,0.0,0.0,0.25,0.25,0.5,0.25,0.5,Matches,ua Ukraine,9.0
Mykola Matviyenko,DF,27.0,,8,585.0,6.5,0.0,0.0,0.0,0.0,0.0,0.0,2.0,0.0,0.0,0.0,0.0,0.0,0.0,Matches,ua Ukraine,8.0
Yukhym Konoplia,DF,24.0,,7,694.0,7.7,1.0,2.0,3.0,1.0,0.0,0.0,3.0,0.0,0.13,0.26,0.39,0.13,0.39,Matches,ua Ukraine,9.0
Taras Stepanenko,MF,34.0,,7,611.0,6.8,0.0,0.0,0.0,0.0,0.0,0.0,2.0,0.0,0.0,0.0,0.0,0.0,0.0,Matches,ua Ukraine,7.0
Oleksandr Zinchenko,MF,27.0,,7,587.0,6.5,1.0,1.0,2.0,1.0,0.0,0.0,2.0,0.0,0.15,0.15,0.31,0.15,0.31,Matches,ua Ukraine,8.0
Anatolii Trubin,GK,22.0,,6,540.0,6.0,0.0,0.0,0.0,0.0,0.0,0.0,0.0,0.0,0.0,0.0,0.0,0.0,0.0,Matches,ua Ukraine,6.0
Viktor Tsyhankov,"MF,FW",26.0,,6,538.0,6.0,3.0,1.0,4.0,2.0,1.0,1.0,0.0,0.0,0.5,0.17,0.67,0.33,0.5,Matches,ua Ukraine,7.0
Artem Dovbyk,FW,26.0,,6,536.0,6.0,2.0,0.0,2.0,1.0,1.0,1.0,1.0,0.0,0.34,0.0,0.34,0.17,0.17,Matches,ua Ukraine,10.0
Ruslan Malinovskyi,MF,30.0,,3,279.0,3.1,0.0,0.0,0.0,0.0,0.0,0.0,4.0,0.0,0.0,0.0,0.0,0.0,0.0,Matches,ua Ukraine,7.0
Roman Yaremchuk,FW,28.0,,3,266.0,3.0,1.0,2.0,3.0,1.0,0.0,0.0,2.0,0.0,0.34,0.68,1.02,0.34,1.02,Matches,ua Ukraine,6.0
Andriy Yarmolenko,MF,34.0,,3,202.0,2.2,1.0,0.0,1.0,1.0,0.0,1.0,0.0,0.0,0.45,0.0,0.45,0.45,0.45,Matches,ua Ukraine,3.0
Oleksandr Svatok,DF,29.0,,2,229.0,2.5,0.0,0.0,0.0,0.0,0.0,0.0,0.0,0.0,0.0,0.0,0.0,0.0,0.0,Matches,ua Ukraine,5.0
Serhiy Kryvtsov,DF,32.0,,2,225.0,2.5,0.0,0.0,0.0,0.0,0.0,0.0,0.0,0.0,0.0,0.0,0.0,0.0,0.0,Matches,ua Ukraine,3.0
Vladyslav Vanat,"MF,FW",22.0,,2,189.0,2.1,0.0,0.0,0.0,0.0,0.0,0.0,1.0,0.0,0.0,0.0,0.0,0.0,0.0,Matches,ua Ukraine,4.0
Heorhiy Bushchan,GK,29.0,,2,180.0,2.0,0.0,0.0,0.0,0.0,0.0,0.0,0.0,0.0,0.0,0.0,0.0,0.0,0.0,Matches,ua Ukraine,2.0
Andriy Lunin,GK,24.0,,2,180.0,2.0,0.0,0.0,0.0,0.0,0.0,0.0,1.0,0.0,0.0,0.0,0.0,0.0,0.0,Matches,ua Ukraine,2.0
Volodymyr Brazhko,MF,22.0,,2,170.0,1.9,0.0,0.0,0.0,0.0,0.0,0.0,0.0,0.0,0.0,0.0,0.0,0.0,0.0,Matches,ua Ukraine,2.0
Oleksandr Zubkov,MF,27.0,,2,169.0,1.9,0.0,0.0,0.0,0.0,0.0,0.0,1.0,0.0,0.0,0.0,0.0,0.0,0.0,Matches,ua Ukraine,5.0
Oleksandr Karavayev,DF,31.0,,2,138.0,1.5,1.0,0.0,1.0,1.0,0.0,0.0,0.0,0.0,0.65,0.0,0.65,0.65,0.65,Matches,ua Ukraine,3.0
Serhiy Sydorchuk,MF,32.0,,1,149.0,1.7,0.0,0.0,0.0,0.0,0.0,0.0,0.0,0.0,0.0,0.0,0.0,0.0,0.0,Matches,ua Ukraine,6.0
Oleksandr Tymchyk,DF,27.0,,1,50.0,0.6,0.0,0.0,0.0,0.0,0.0,0.0,0.0,0.0,0.0,0.0,0.0,0.0,0.0,Matches,ua Ukraine,2.0
Vitaliy Buyalskyi,MF,31.0,,0,89.0,1.0,0.0,0.0,0.0,0.0,0.0,0.0,0.0,0.0,0.0,0.0,0.0,0.0,0.0,Matches,ua Ukraine,4.0
Eduard Sobol,"DF,MF",28.0,,0,30.0,0.3,0.0,0.0,0.0,0.0,0.0,0.0,0.0,0.0,0.0,0.0,0.0,0.0,0.0,Matches,ua Ukraine,1.0
Yehor Nazaryna,MF,26.0,,0,25.0,0.3,0.0,0.0,0.0,0.0,0.0,0.0,0.0,0.0,0.0,0.0,0.0,0.0,0.0,Matches,ua Ukraine,2.0
Oleksiy Hutsulyak,"FW,MF",26.0,,0,15.0,0.2,0.0,0.0,0.0,0.0,0.0,0.0,0.0,0.0,0.0,0.0,0.0,0.0,0.0,Matches,ua Ukraine,1.0
Oleksandr Pikhalyonok,MF,26.0,,0,15.0,0.2,0.0,0.0,0.0,0.0,0.0,0.0,0.0,0.0,0.0,0.0,0.0,0.0,0.0,Matches,ua Ukraine,2.0
Danylo Sikan,FW,22.0,,0,5.0,0.1,0.0,0.0,0.0,0.0,0.0,0.0,0.0,0.0,0.0,0.0,0.0,0.0,0.0,Matches,ua Ukraine,1.0
Maksym Talovierov,DF,23.0,,0,4.0,0.0,0.0,0.0,0.0,0.0,0.0,0.0,0.0,0.0,0.0,0.0,0.0,0.0,0.0,Matches,ua Ukraine,2.0
Yevhen Konoplyanka,"FW,MF",34.0,,0,1.0,0.0,0.0,0.0,0.0,0.0,0.0,0.0,0.0,0.0,0.0,0.0,0.0,0.0,0.0,Matches,ua Ukraine,1.0
Valerii Bondar,DF,24.0,,0,,,,,,,,,,,,,,,,Matches,ua Ukraine,0.0
Artem Bondarenko,MF,23.0,,0,,,,,,,,,,,,,,,,Matches,ua Ukraine,0.0
Vladyslav Dubinchak,DF,25.0,,0,,,,,,,,,,,,,,,,Matches,ua Ukraine,0.0
Danylo Ihnatenko,MF,26.0,,0,,,,,,,,,,,,,,,,Matches,ua Ukraine,0.0
Denys Miroshnichenko,"DF,MF",29.0,,0,,,,,,,,,,,,,,,,Matches,ua Ukraine,0.0
Bohdan Mykhaylychenko,DF,26.0,,0,,,,,,,,,,,,,,,,Matches,ua Ukraine,0.0
Denys Popov,DF,24.0,,0,,,,,,,,,,,,,,,,Matches,ua Ukraine,0.0
Dmytro Riznyk,GK,25.0,,0,,,,,,,,,,,,,,,,Matches,ua Ukraine,0.0
Nazariy Rusyn,"FW,MF",25.0,,0,,,,,,,,,,,,,,,,Matches,ua Ukraine,0.0
Eduard Sarapii,DF,24.0,,0,,,,,,,,,,,,,,,,Matches,ua Ukraine,0.0
Mykola Shaparenko,MF,25.0,,0,,,,,,,,,,,,,,,,Matches,ua Ukraine,0.0
Mykyta Shevchenko,GK,31.0,,0,,,,,,,,,,,,,,,,Matches,ua Ukraine,0.0
Squad Total,,26.1,,110,900.0,10.0,14.0,11.0,25.0,12.0,2.0,3.0,22.0,0.0,1.4,1.1,2.5,1.2,2.3,,ua Ukraine,10.0
Opponent Total,,27.9,,110,900.0,10.0,9.0,7.0,16.0,8.0,1.0,1.0,19.0,1.0,0.9,0.7,1.6,0.8,1.5,,ua Ukraine,10.0
